date,turnoverVol,turnoverValue,CHG,CHGPct,openIndex,highestIndex,lowestIndex,closeIndex
2018/6/8,13468822000,161000000000.0,-42.351,-1.362,3100.6038,3100.6848,3053.2879,3067.1478
2018/6/11,10856378600,143000000000.0,-14.3647,-0.4683,3057.3393,3063.6102,3037.9138,3052.7831
2018/6/12,11327509600,154000000000.0,27.0187,0.8851,3053.0279,3081.4473,3034.1012,3079.8018
2018/6/13,11960788600,140000000000.0,-30.0053,-0.9743,3071.4636,3071.4636,3044.1198,3049.7965
2018/6/14,11546948700,139000000000.0,-5.6368,-0.1848,3038.0704,3066.0469,3032.4062,3044.1597
2018/6/15,14453257100,157000000000.0,-22.2589,-0.7312,3037.4522,3048.7967,3008.7324,3021.9008
2018/6/19,23055006700,237000000000.0,-114.0787,-3.7751,2982.6504,2984.9706,2871.3548,2907.8221
2018/6/20,14430142000,149000000000.0,7.9093,0.272,2889.984,2925.5611,2872.1629,2915.7314
2018/6/21,15437833200,156000000000.0,-39.9215,-1.3692,2912.0032,2940.5863,2872.6189,2875.8099
2018/6/22,12614312900,123000000000.0,13.9504,0.4851,2855.5849,2891.9685,2837.1444,2889.7603
2018/6/25,12191768700,129000000000.0,-30.4239,-1.0528,2903.4495,2908.624,2857.8709,2859.3364
2018/6/26,12591846800,135000000000.0,-14.8283,-0.5186,2829.9947,2850.24,2803.7851,2844.5081
2018/6/27,12942083300,137000000000.0,-31.3306,-1.1014,2842.3958,2854.2579,2798.7997,2813.1775
2018/6/28,11835790700,127000000000.0,-26.2809,-0.9342,2799.9039,2825.9872,2782.4464,2786.8966
2018/6/29,12567168500,134000000000.0,60.5215,2.1716,2789.8111,2848.3721,2782.3811,2847.4181
2018/7/2,13703503400,146000000000.0,-71.8611,-2.5237,2841.5795,2845.6801,2756.815,2775.557
2018/7/3,14249846600,160000000000.0,11.3308,0.4082,2774.5701,2786.8878,2722.4485,2786.8878
2018/7/4,12326218100,130000000000.0,-27.7618,-0.9962,2776.6324,2793.179,2754.1552,2759.126
2018/7/5,12922611200,133000000000.0,-25.2441,-0.9149,2755.3394,2777.5227,2727.9399,2733.8819
2018/7/6,13629438000,148000000000.0,13.3466,0.4882,2731.3532,2768.8737,2691.0208,2747.2285
2018/7/9,12154930900,135000000000.0,67.881,2.4709,2752.4466,2815.79,2752.4466,2815.1095
2018/7/10,11706274800,131000000000.0,12.5157,0.4446,2819.7121,2828.4926,2800.6251,2827.6252
2018/7/11,12682114900,138000000000.0,-49.8541,-1.7631,2780.7043,2794.3596,2752.435,2777.7711
2018/7/12,14698020000,170000000000.0,59.8875,2.156,2771.0408,2844.1932,2771.0408,2837.6586
2018/7/13,11768934800,146000000000.0,-6.4749,-0.2282,2831.4284,2835.4627,2818.8484,2831.1837
2018/7/16,10776715100,129000000000.0,-17.1419,-0.6055,2827.0823,2837.5092,2804.4929,2814.0418
2018/7/17,10540922000,124000000000.0,-15.9159,-0.5656,2806.8853,2806.9194,2774.7624,2798.1259
2018/7/18,12096116500,139000000000.0,-10.8689,-0.3884,2801.7774,2818.3953,2786.0404,2787.257
2018/7/19,11448649300,129000000000.0,-14.7116,-0.5278,2791.0156,2805.0106,2764.4858,2772.5454
2018/7/20,14590768800,156000000000.0,56.7258,2.046,2769.7537,2837.8623,2753.8397,2829.2712
2018/7/23,17338279700,187000000000.0,30.2712,1.0699,2815.2008,2863.5711,2809.6163,2859.5424
2018/7/24,22957830700,229000000000.0,46.0194,1.6093,2862.267,2911.4646,2862.267,2905.5618
2018/7/25,16780020700,166000000000.0,-1.9151,-0.0659,2911.4529,2912.3134,2894.039,2903.6467
2018/7/26,16842820200,157000000000.0,-21.4213,-0.7377,2905.7941,2915.2974,2875.7006,2882.2254
2018/7/27,14637161000,132000000000.0,-8.6316,-0.2995,2879.6901,2889.6936,2864.1098,2873.5938
2018/7/30,15165224900,146000000000.0,-4.5443,-0.1581,2871.9397,2896.0109,2850.296,2869.0495
2018/7/31,11893111700,117000000000.0,7.3514,0.2562,2866.8985,2884.6799,2854.3197,2876.4009
2018/8/1,14951434800,150000000000.0,-51.8672,-1.8032,2882.5061,2897.3997,2823.9293,2824.5337
2018/8/2,17417900300,169000000000.0,-56.5098,-2.0007,2815.3438,2815.3438,2726.4825,2768.0239
2018/8/3,12700636300,129000000000.0,-27.581,-0.9964,2763.3957,2777.6572,2740.4317,2740.4429
2018/8/6,12975305800,133000000000.0,-35.2864,-1.2876,2736.5256,2760.4744,2692.3216,2705.1565
2018/8/7,14957974300,147000000000.0,74.2175,2.7436,2711.7361,2779.374,2696.0391,2779.374
2018/8/8,14768871500,140000000000.0,-35.3044,-1.2702,2771.1286,2779.9124,2741.067,2744.0696
2018/8/9,15166033300,151000000000.0,50.3122,1.8335,2729.5787,2801.6592,2726.2153,2794.3818
2018/8/10,12153223200,123000000000.0,0.9281,0.0332,2791.4018,2806.1149,2777.5061,2795.3099
2018/8/13,12753224100,129000000000.0,-9.4379,-0.3376,2769.0166,2789.7983,2742.5599,2785.872
2018/8/14,10957107700,112000000000.0,-4.9074,-0.1762,2780.7357,2789.4437,2766.5693,2780.9646
2018/8/15,11616178700,119000000000.0,-57.707,-2.0751,2777.2493,2777.7032,2721.2404,2723.2576
2018/8/16,12027787800,118000000000.0,-18.0659,-0.6634,2691.426,2732.9489,2672.7407,2705.1917
2018/8/17,11244529400,115000000000.0,-36.2257,-1.3391,2723.8871,2730.3326,2665.5918,2668.966
2018/8/20,11078416400,114000000000.0,29.4998,1.1053,2673.0662,2698.4658,2653.1119,2698.4658
2018/8/21,11358683900,122000000000.0,35.3606,1.3104,2700.3416,2739.1732,2696.2923,2733.8264
2018/8/22,9366464000,98463969945.0,-19.2182,-0.703,2731.9576,2731.9576,2709.0615,2714.6082
2018/8/23,9844647000,108000000000.0,10.0162,0.369,2714.867,2736.0101,2700.8042,2724.6244
2018/8/24,10051626900,103000000000.0,4.8064,0.1764,2717.0812,2748.8243,2705.3237,2729.4308
2018/8/27,13276257800,141000000000.0,51.4682,1.8857,2736.3185,2780.899,2736.3185,2780.899
2018/8/28,11874936700,125000000000.0,-2.9182,-0.1049,2782.2927,2791.3898,2769.4013,2777.9808
2018/8/29,10015692900,101000000000.0,-8.6861,-0.3127,2774.8646,2778.5393,2762.35,2769.2947
2018/8/30,10606094300,106000000000.0,-31.558,-1.1396,2769.3322,2780.5271,2736.346,2737.7367
2018/8/31,10975874200,115000000000.0,-12.4868,-0.4561,2730.1132,2744.6311,2710.5368,2725.2499
2018/9/3,10221301100,105000000000.0,-4.5155,-0.1657,2716.4037,2722.8524,2692.3644,2720.7344
2018/9/4,10901030700,114000000000.0,29.846,1.097,2720.6477,2756.6071,2712.376,2750.5804
2018/9/5,10500226900,107000000000.0,-46.2436,-1.6812,2741.3801,2745.4673,2704.3368,2704.3368
2018/9/6,9901783300,106000000000.0,-12.7439,-0.4712,2697.5777,2719.4055,2683.7445,2691.5929
2018/9/7,10752329300,114000000000.0,10.7078,0.3978,2696.6775,2728.5464,2683.7193,2702.3007
2018/9/10,10355917000,103000000000.0,-32.8162,-1.2144,2698.0107,2703.4285,2667.3168,2669.4845
2018/9/11,9986594600,96884582206.0,-4.6848,-0.1755,2668.4872,2680.5727,2652.7044,2664.7997
2018/9/12,9002675800,93448206178.0,-8.6896,-0.3261,2659.744,2672.0735,2647.1701,2656.1101
2018/9/13,10733501400,112000000000.0,30.4683,1.1471,2679.2077,2689.0624,2653.1894,2686.5784
2018/9/14,10000500800,105000000000.0,-4.9353,-0.1837,2688.7787,2694.9201,2675.2896,2681.6431
2018/9/17,8823888800,86962599230.0,-29.8545,-1.1133,2671.2907,2671.2907,2647.9153,2651.7886
2018/9/18,11576799300,113000000000.0,48.1615,1.8162,2644.2961,2700.1934,2644.2961,2699.9501
2018/9/19,14155031800,140000000000.0,30.9002,1.1445,2694.7992,2746.0796,2690.9942,2730.8503
2018/9/20,11138746300,105000000000.0,-1.6065,-0.0588,2732.1697,2743.9645,2724.0835,2729.2438
2018/9/21,15801664200,149000000000.0,68.241,2.5004,2733.8742,2797.4851,2722.0319,2797.4848
2018/9/25,11198317900,109000000000.0,-16.3463,-0.5843,2775.0663,2790.0321,2771.1595,2781.1385
2018/9/26,13956770600,145000000000.0,25.6748,0.9232,2785.3165,2827.3413,2783.3419,2806.8133
2018/9/27,12399769600,123000000000.0,-15.0385,-0.5358,2805.793,2810.5062,2786.3217,2791.7748
2018/9/28,13429045600,125000000000.0,29.5753,1.0594,2794.2644,2821.7553,2791.8363,2821.3501
2018/10/8,14950138800,142000000000.0,-104.8397,-3.7159,2768.2075,2771.9384,2710.1781,2716.5104
2018/10/9,11677189900,110000000000.0,4.5026,0.1657,2713.7319,2734.3142,2711.1971,2721.013
2018/10/10,11348573600,111000000000.0,4.8237,0.1773,2723.7242,2743.548,2703.0626,2725.8367
2018/10/11,19715070200,170000000000.0,-142.3792,-5.2233,2643.074,2661.2859,2560.3164,2583.4575
2018/10/12,17008163500,143000000000.0,23.455,0.9079,2574.0415,2615.9169,2536.6653,2606.9125
2018/10/15,11857619700,105000000000.0,-38.8141,-1.4889,2605.9124,2611.9685,2564.7375,2568.0984
2018/10/16,11941914400,107000000000.0,-21.7688,-0.8477,2567.7643,2597.7152,2536.441,2546.3296
2018/10/17,12995399700,117000000000.0,15.2844,0.6003,2574.3127,2582.5485,2517.5728,2561.614
2018/10/18,12542851300,107000000000.0,-75.1954,-2.9355,2544.911,2544.911,2485.6192,2486.4186
2018/10/19,14732355800,130000000000.0,64.0466,2.5759,2460.0808,2553.3867,2449.197,2550.4652
2018/10/22,21188844900,197000000000.0,104.411,4.0938,2565.6444,2675.4063,2565.6444,2654.8762
2018/10/23,17834354300,167000000000.0,-60.0507,-2.2619,2652.6476,2659.8123,2583.2605,2594.8255
2018/10/24,15987367900,142000000000.0,8.4695,0.3264,2579.9715,2640.4017,2577.7725,2603.295
2018/10/25,16203297900,138000000000.0,0.5045,0.0194,2540.9347,2606.1007,2531.5349,2603.7995
2018/10/26,15893611900,133000000000.0,-4.9527,-0.1902,2610.8982,2626.116,2580.8452,2598.8468
2018/10/29,13424192300,123000000000.0,-56.7435,-2.1834,2593.5908,2595.5365,2529.1883,2542.1033
2018/10/30,16668230900,152000000000.0,25.9448,1.0206,2538.5737,2586.9188,2521.7836,2568.0481
2018/10/31,18055034800,155000000000.0,34.7351,1.3526,2573.0146,2612.9221,2567.0274,2602.7832
2018/11/1,20090393200,180000000000.0,3.454,0.1327,2617.0325,2636.7992,2603.6514,2606.2372
2018/11/2,22502692100,208000000000.0,70.239,2.695,2649.2512,2676.4762,2628.8697,2676.4762
2018/11/5,19376010000,169000000000.0,-11.0456,-0.4127,2665.427,2673.1879,2639.2707,2665.4306
2018/11/6,16366947900,139000000000.0,-6.0742,-0.2279,2660.7193,2660.8627,2635.3207,2659.3564
2018/11/7,17320198600,147000000000.0,-18.0144,-0.6774,2659.8446,2675.6772,2639.2463,2641.342
2018/11/8,15963548700,129000000000.0,-5.7098,-0.2162,2660.0873,2662.3688,2632.3012,2635.6322
2018/11/9,15244630700,121000000000.0,-36.7607,-1.3948,2621.238,2621.238,2598.1609,2598.8715
2018/11/12,17503130800,142000000000.0,31.648,1.2178,2593.2004,2631.1696,2590.2106,2630.5195
2018/11/13,24928244700,190000000000.0,24.36,0.9261,2600.5004,2666.4853,2597.3477,2654.8795
2018/11/14,23844935100,177000000000.0,-22.637,-0.8527,2648.3091,2658.3072,2627.9565,2632.2425
2018/11/15,20784872100,172000000000.0,35.9279,1.3649,2632.1379,2668.1704,2631.8875,2668.1704
2018/11/16,24219884900,205000000000.0,10.9393,0.41,2669.7799,2695.5689,2657.0341,2679.1097
2018/11/19,23166282700,197000000000.0,24.4019,0.9108,2681.8988,2703.5116,2674.1781,2703.5116
2018/11/20,21589130900,181000000000.0,-57.6571,-2.1327,2684.2874,2690.8299,2643.3588,2645.8545
2018/11/21,18259644700,149000000000.0,5.6508,0.2136,2619.8211,2653.796,2617.7759,2651.5053
2018/11/22,14930906300,126000000000.0,-6.0714,-0.229,2655.8964,2658.0011,2634.4827,2645.4339
2018/11/23,19147454900,150000000000.0,-65.9508,-2.493,2640.6674,2642.0356,2577.3511,2579.4831
2018/11/26,13431454000,108000000000.0,-3.673,-0.1424,2580.8424,2594.9966,2568.0352,2575.8101
2018/11/27,12365843600,102000000000.0,-1.1309,-0.0439,2585.8261,2592.5353,2566.1663,2574.6792
2018/11/28,14596347300,120000000000.0,27.0573,1.0509,2575.4541,2601.9626,2561.5618,2601.7365
2018/11/29,15716873800,129000000000.0,-34.2931,-1.3181,2613.7805,2617.5479,2567.4434,2567.4434
2018/11/30,13932902100,112000000000.0,20.7441,0.808,2564.5644,2590.2102,2555.3223,2588.1875
2018/12/3,20747895500,188000000000.0,66.6105,2.5736,2647.1319,2665.298,2629.1843,2654.798
2018/12/4,16794055800,144000000000.0,11.1597,0.4204,2651.5613,2666.0784,2644.8964,2665.9577
2018/12/5,15450205600,134000000000.0,-16.1526,-0.6059,2629.8328,2660.3888,2625.9132,2649.8051
2018/12/6,14166165000,129000000000.0,-44.6238,-1.684,2629.8196,2633.6778,2603.1323,2605.1813
2018/12/7,10907499300,97727662644.0,0.7063,0.0271,2609.3408,2614.5817,2599.2775,2605.8876
2018/12/10,11319966900,99148142973.0,-21.3054,-0.8176,2589.194,2599.7615,2576.2424,2584.5822
2018/12/11,10130436400,85404123352.0,9.5059,0.3678,2587.0148,2596.1464,2583.1959,2594.0881
2018/12/12,10351830100,88998195762.0,8.0645,0.3109,2608.1141,2610.0086,2595.075,2602.1526
2018/12/13,15073811500,132000000000.0,31.8965,1.2258,2607.144,2645.8367,2599.4586,2634.0491
2018/12/14,14594248800,124000000000.0,-40.3084,-1.5303,2627.2833,2629.1641,2593.7407,2593.7407
2018/12/17,11736325000,103000000000.0,4.233,0.1632,2587.2632,2598.967,2573.8674,2597.9737
2018/12/18,11703337000,99306536449.0,-21.3242,-0.8208,2583.6343,2599.1479,2563.5731,2576.6495
2018/12/19,10766179700,93713175030.0,-27.0861,-1.0512,2578.675,2579.8743,2547.0783,2549.5634
2018/12/20,12056649600,104000000000.0,-13.2959,-0.5215,2544.5054,2554.8586,2516.0193,2536.2675
2018/12/21,11567120000,101000000000.0,-20.0169,-0.7892,2526.5535,2527.4214,2498.6937,2516.2506
2018/12/24,9733985200,85760935759.0,10.7565,0.4275,2506.7372,2529.4395,2500.443,2527.0071
2018/12/25,14067056000,115000000000.0,-22.1881,-0.878,2503.9498,2513.9641,2462.8448,2504.819
2018/12/26,10879962900,93989532584.0,-6.5251,-0.2605,2501.1199,2513.8264,2492.0758,2498.2939
2018/12/27,13540684300,112000000000.0,-15.2075,-0.6087,2527.7167,2532.0022,2483.0864,2483.0864
2018/12/28,11924525000,106000000000.0,10.8098,0.4353,2483.6171,2505.1138,2478.325,2493.8962
2019/1/2,10993201300,97592571964.0,-28.6052,-1.147,2497.8805,2500.2783,2456.4233,2465.291
2019/1/3,12439749700,107000000000.0,-0.9282,-0.0377,2461.7829,2488.479,2455.9256,2464.3628
2019/1/4,16887766700,139000000000.0,50.5054,2.0494,2446.0193,2515.316,2440.9066,2514.8682
2019/1/7,17730501000,146000000000.0,18.2205,0.7245,2528.6987,2536.9775,2515.5083,2533.0887
2019/1/8,15809918100,123000000000.0,-6.6265,-0.2616,2530.3001,2531.345,2520.1648,2526.4622
2019/1/9,19188793000,161000000000.0,17.8827,0.7078,2536.4173,2574.4079,2536.157,2544.3449
2019/1/10,15987432600,133000000000.0,-9.2464,-0.3634,2543.8534,2551.8257,2531.6638,2535.0985
2019/1/11,14944410000,122000000000.0,18.7328,0.7389,2539.5487,2554.7869,2533.3586,2553.8313
2019/1/14,14482546400,116000000000.0,-18.066,-0.7074,2553.3284,2556.2939,2533.0101,2535.7653
2019/1/15,16026553000,137000000000.0,34.5796,1.3637,2537.3697,2571.5016,2532.4333,2570.3449
2019/1/16,14930153900,127000000000.0,0.0772,0.003,2569.0697,2574.2362,2563.0061,2570.4221
2019/1/17,16246813400,128000000000.0,-10.7851,-0.4196,2573.5755,2582.556,2557.7114,2559.637
2019/1/18,19076723700,151000000000.0,36.3686,1.4208,2567.7386,2598.8836,2565.9043,2596.0056
2019/1/21,16342511500,140000000000.0,14.5038,0.5587,2599.0575,2618.9801,2599.0575,2610.5094
2019/1/22,15253777300,123000000000.0,-30.8053,-1.18,2609.6421,2609.6421,2573.0617,2579.7041
2019/1/23,13142679800,105000000000.0,1.3,0.0504,2575.2583,2589.5128,2572.4054,2581.0041
2019/1/24,15404204600,132000000000.0,10.6894,0.4142,2584.6481,2597.2894,2569.7004,2591.6935
2019/1/25,15939402600,135000000000.0,10.0299,0.387,2596.2618,2617.0022,2595.6294,2601.7234
2019/1/28,14698176500,127000000000.0,-4.7467,-0.1824,2615.7118,2630.3183,2591.1,2596.9767
2019/1/29,15558111200,127000000000.0,-2.7231,-0.1049,2592.3549,2601.7358,2559.982,2594.2536
2019/1/30,12050257100,101000000000.0,-18.678,-0.72,2584.7459,2598.815,2575.4091,2575.5756
2019/1/31,15430386900,126000000000.0,8.9968,0.3493,2581.3315,2606.6283,2571.5789,2584.5724
2019/2/1,13198685000,112000000000.0,33.6599,1.3023,2597.7777,2618.4765,2590.5543,2618.2323
2019/2/11,15489885800,137000000000.0,35.6637,1.3621,2613.1742,2654.0964,2613.1742,2653.896
2019/2/12,18410117900,157000000000.0,17.9977,0.6782,2654.0349,2674.4778,2648.8295,2671.8937
2019/2/13,24379401000,207000000000.0,49.1746,1.8404,2674.5198,2727.075,2666.522,2721.0683
2019/2/14,19703734900,170000000000.0,-1.3684,-0.0503,2715.5358,2729.455,2707.4865,2719.6999
2019/2/15,19600426500,170000000000.0,-37.3149,-1.372,2712.7862,2715.6321,2679.7849,2682.385
2019/2/18,26043600700,224000000000.0,71.9716,2.6831,2699.8171,2754.3566,2699.8171,2754.3566
2019/2/19,28804627100,247000000000.0,1.2893,0.0468,2759.496,2780.7837,2737.5864,2755.6459
2019/2/20,24597252700,205000000000.0,5.573,0.2022,2761.0588,2767.4109,2739.9783,2761.2189
2019/2/21,29864996900,253000000000.0,-9.4177,-0.3411,2759.9383,2794.0131,2744.9762,2751.8012
2019/2/22,30148141100,265000000000.0,52.425,1.9051,2749.4615,2804.2262,2736.3324,2804.2262
2019/2/25,52865859000,466000000000.0,157.0572,5.6007,2838.3896,2961.7951,2838.3896,2961.2834
2019/2/26,56555796700,492000000000.0,-19.7671,-0.6675,2969.0976,2995.6762,2938.6227,2941.5163
2019/2/27,47497645300,412000000000.0,12.3079,0.4184,2939.9287,2997.4882,2924.6432,2953.8242
2019/2/28,35020660200,299000000000.0,-12.8704,-0.4357,2950.0548,2965.3037,2930.195,2940.9538
2019/3/1,34578620000,307000000000.0,53.0512,1.8039,2954.4021,2994.005,2930.8345,2994.005
2019/3/4,52564943600,481000000000.0,33.5705,1.1213,3015.9427,3090.7959,3006.9417,3027.5755
2019/3/5,42414252900,383000000000.0,26.6711,0.8809,3019.8797,3054.9617,3009.4476,3054.2466
2019/3/6,55500636500,485000000000.0,47.8525,1.5668,3060.4327,3103.8251,3050.1113,3102.0991
2019/3/7,58381706500,526000000000.0,4.3188,0.1392,3103.6677,3129.9395,3074.9784,3106.4179
2019/3/8,57785547300,526000000000.0,-136.5565,-4.3959,3038.3362,3075.0461,2969.5815,2969.8614
2019/3/11,42621302900,404000000000.0,57.1311,1.9237,2969.0802,3028.2543,2963.5834,3026.9925
2019/3/12,51117315800,487000000000.0,33.3148,1.1006,3049.0844,3093.3913,3029.8999,3060.3073
2019/3/13,45321462500,451000000000.0,-33.356,-1.09,3062.3267,3065.2884,3013.9319,3026.9513
2019/3/14,37314179800,356000000000.0,-36.2663,-1.1981,3013.597,3041.1557,2968.8237,2990.685
2019/3/15,34120613900,345000000000.0,31.0662,1.0388,3000.8789,3048.1212,2999.4317,3021.7512
2019/3/18,39779717900,398000000000.0,74.6664,2.471,3027.8012,3096.4176,3009.5071,3096.4176
2019/3/19,35090886000,353000000000.0,-5.4426,-0.1758,3099.8971,3113.4325,3076.3627,3090.975
2019/3/20,35855750500,349000000000.0,-0.3347,-0.0108,3084.1704,3102.5203,3053.4519,3090.6403
2019/3/21,41425118200,404000000000.0,10.8147,0.3499,3094.1247,3125.0192,3086.85,3101.455
2019/3/22,36484834600,357000000000.0,2.6937,0.0869,3100.7264,3107.2754,3064.884,3104.1487
2019/3/25,38027876200,375000000000.0,-61.1174,-1.9689,3058.8016,3086.9961,3041.9504,3043.0313
2019/3/26,35349802100,341000000000.0,-45.9359,-1.5095,3057.559,3062.6896,2988.4905,2997.0954
2019/3/27,29139035700,295000000000.0,25.6242,0.855,3012.2573,3022.7623,2987.7717,3022.7196
2019/3/28,28810642500,290000000000.0,-27.7762,-0.9189,3009.7988,3025.7789,2991.7789,2994.9434
2019/3/29,37508299100,387000000000.0,95.8146,3.1992,3000.6783,3093.0329,2999.9866,3090.758
2019/4/1,46612469300,480000000000.0,79.603,2.5755,3111.6619,3176.6221,3111.6619,3170.361
2019/4/2,44706898100,463000000000.0,6.4617,0.2038,3183.2736,3193.2717,3164.9066,3176.8227
2019/4/3,43054863500,443000000000.0,39.4725,1.2425,3159.1468,3219.2564,3152.3319,3216.2952
2019/4/4,46911766900,475000000000.0,30.2762,0.9413,3233.6886,3254.1401,3216.8545,3246.5714
2019/4/8,50451840300,506000000000.0,-1.7611,-0.0542,3271.2722,3288.4531,3210.5151,3244.8103
2019/4/9,36416999700,380000000000.0,-5.1464,-0.1586,3240.3938,3251.6458,3215.7048,3239.6639
2019/4/10,38013440800,396000000000.0,2.266,0.0699,3224.6454,3264.7778,3204.8785,3241.9299
2019/4/11,35303187900,361000000000.0,-51.968,-1.603,3241.5474,3254.1259,3185.546,3189.9619
2019/4/12,28978899600,289000000000.0,-1.3363,-0.0419,3184.8595,3199.278,3168.0421,3188.6256
2019/4/15,34880978500,356000000000.0,-10.839,-0.3399,3233.4583,3253.9763,3177.2698,3177.7866
2019/4/16,35791875200,360000000000.0,75.8112,2.3857,3164.3969,3253.5978,3153.2062,3253.5978
2019/4/17,35754179600,355000000000.0,9.5201,0.2926,3250.1518,3275.3335,3239.8048,3263.1179
2019/4/18,32553994200,324000000000.0,-12.9167,-0.3958,3261.0742,3271.3878,3241.8257,3250.2012
2019/4/19,31519800400,315000000000.0,20.5961,0.6337,3250.1452,3274.3347,3226.8124,3270.7973
2019/4/22,35321738700,359000000000.0,-55.7547,-1.7046,3278.4906,3279.4894,3206.878,3215.0426
2019/4/23,32836120700,325000000000.0,-16.4488,-0.5116,3211.8719,3231.5815,3186.7569,3198.5938
2019/4/24,27487216400,278000000000.0,3.0199,0.0944,3203.5588,3210.6508,3156.607,3201.6137
2019/4/25,32587912900,309000000000.0,-77.7876,-2.4296,3190.5851,3193.7494,3123.0258,3123.8261
2019/4/26,28087385400,275000000000.0,-37.4272,-1.1981,3108.1635,3129.2134,3085.8049,3086.3989
2019/4/29,29211488600,289000000000.0,-23.9004,-0.7744,3090.6331,3107.7605,3050.0261,3062.4985
2019/4/30,22230251700,225000000000.0,15.8404,0.5172,3052.6223,3088.4074,3052.6223,3078.3389
2019/5/6,32697226900,314000000000.0,-171.8749,-5.5834,2984.7273,2986.5399,2876.4688,2906.464
2019/5/7,25328176900,245000000000.0,19.9268,0.6856,2914.2914,2937.2832,2889.0732,2926.3908
2019/5/8,23153051900,219000000000.0,-32.6341,-1.1152,2873.1433,2929.4306,2866.7041,2893.7567
2019/5/9,20004113300,197000000000.0,-42.803,-1.4791,2871.1968,2888.8596,2845.0374,2850.9537
2019/5/10,28230680800,274000000000.0,88.2569,3.0957,2878.2344,2941.4539,2838.3847,2939.2106
2019/5/13,21202988200,203000000000.0,-35.4975,-1.2077,2905.067,2921.4103,2892.1745,2903.7131
2019/5/14,20834535300,201000000000.0,-20.1024,-0.6923,2872.8336,2909.2041,2872.8336,2883.6107
2019/5/15,23051970100,226000000000.0,55.0674,1.9097,2902.6423,2945.3946,2902.6423,2938.6781
2019/5/16,24838570100,226000000000.0,17.0329,0.5796,2933.4954,2956.171,2929.0645,2955.711
2019/5/17,26630164300,248000000000.0,-73.4148,-2.4838,2955.7669,2956.7832,2873.7998,2882.2962
2019/5/20,20947244200,199000000000.0,-11.6916,-0.4056,2874.8011,2882.6294,2838.453,2870.6046
2019/5/21,21138702200,203000000000.0,35.3642,1.2319,2867.7066,2919.2373,2862.4951,2905.9688
2019/5/22,20002690500,194000000000.0,-14.2642,-0.4909,2905.5241,2912.3952,2879.6437,2891.7046
2019/5/23,19734030900,193000000000.0,-39.1893,-1.3552,2880.8426,2885.1389,2846.956,2852.5153
2019/5/24,16720549000,163000000000.0,0.4795,0.0168,2847.8356,2871.8555,2846.0215,2852.9948
2019/5/27,19672090200,194000000000.0,39.3834,1.3804,2851.2809,2898.129,2833.0363,2892.3782
2019/5/28,22331055700,227000000000.0,17.5324,0.6062,2890.2658,2924.0395,2887.0835,2909.9106
2019/5/29,19895882100,203000000000.0,4.7858,0.1645,2894.8297,2934.9768,2890.6645,2914.6964
2019/5/30,20575878900,197000000000.0,-8.891,-0.305,2903.4246,2907.8463,2881.3802,2905.8054
2019/5/31,19523058000,191000000000.0,-7.1093,-0.2447,2904.4976,2922.9075,2895.5778,2898.6961
2019/6/3,21594355400,208000000000.0,-8.6152,-0.2972,2901.7424,2920.8292,2875.9019,2890.0809
2019/6/4,18846354100,181000000000.0,-27.8006,-0.9619,2887.6405,2888.3861,2851.9728,2862.2803
2019/6/5,18156104700,175000000000.0,-0.8622,-0.0301,2882.9369,2888.7676,2858.5719,2861.4181
2019/6/6,17706441100,165000000000.0,-33.6203,-1.175,2862.3327,2862.3327,2822.1853,2827.7978
2019/6/10,16658591800,162000000000.0,24.3324,0.8605,2833.0145,2861.131,2824.3554,2852.1302
2019/6/11,26052579600,254000000000.0,73.586,2.58,2854.0704,2927.4303,2854.0704,2925.7162
2019/6/12,24025577500,223000000000.0,-16.3366,-0.5584,2917.2239,2924.7018,2903.8833,2909.3796
2019/6/13,21295779100,192000000000.0,1.361,0.0468,2905.2877,2918.4227,2885.9232,2910.7406
2019/6/14,21543579600,194000000000.0,-28.7663,-0.9883,2912.9988,2924.3197,2879.6573,2881.9743
2019/6/17,15396496000,143000000000.0,5.6478,0.196,2880.4226,2902.4808,2877.3941,2887.6221
2019/6/18,14770532000,137000000000.0,2.5359,0.0878,2891.0917,2898.3304,2874.3129,2890.158
2019/6/19,23075697300,226000000000.0,27.6449,0.9565,2944.1154,2953.3355,2916.2149,2917.8029
2019/6/20,29101153700,288000000000.0,69.3157,2.3756,2917.331,2997.3888,2915.0895,2987.1186
2019/6/21,28697383500,277000000000.0,14.8616,0.4975,2990.3687,3010.349,2989.2454,3001.9802
2019/6/24,21049389400,211000000000.0,6.1677,0.2055,3004.2891,3012.826,2994.4219,3008.1479
2019/6/25,24369924400,244000000000.0,-26.0741,-0.8668,3004.9095,3004.9095,2948.9907,2982.0738
2019/6/26,17444953300,173000000000.0,-5.7901,-0.1942,2964.6153,2986.9139,2958.4632,2976.2837
2019/6/27,19539704900,209000000000.0,20.5089,0.6891,2982.6125,3011.538,2981.045,2996.7926
2019/6/28,18143152300,184000000000.0,-17.9142,-0.5978,2992.2426,2992.2426,2961.2225,2978.8784
2019/7/1,25084043300,267000000000.0,66.0244,2.2164,3024.6238,3045.3669,3014.6871,3044.9028
2019/7/2,21452062400,230000000000.0,-0.96,-0.0315,3042.58,3048.4839,3033.7809,3043.9428
2019/7/3,21229617300,219000000000.0,-28.6795,-0.9422,3031.832,3031.832,3006.3246,3015.2633
2019/7/4,19441513300,202000000000.0,-10.0145,-0.3321,3015.6785,3024.5023,2991.9079,3005.2488
2019/7/5,15675542900,163000000000.0,5.81,0.1933,3004.7383,3014.8474,2990.9247,3011.0588
2019/7/8,21154126800,206000000000.0,-77.6954,-2.5803,2997.8067,2997.8067,2918.7157,2933.3634
2019/7/9,14511060400,154000000000.0,-5.1339,-0.175,2928.8188,2937.7621,2912.8063,2928.2295
2019/7/10,13548353800,141000000000.0,-12.9273,-0.4415,2935.1855,2936.7519,2908.162,2915.3022
2019/7/11,14369252200,152000000000.0,2.4587,0.0843,2928.0553,2945.8023,2907.8852,2917.7609
2019/7/12,13779475900,143000000000.0,12.7853,0.4382,2915.3401,2938.5311,2905.809,2930.5462
2019/7/15,16764339700,177000000000.0,11.6391,0.3972,2921.546,2955.0003,2886.6993,2942.1853
2019/7/16,13181175100,141000000000.0,-4.5685,-0.1553,2938.6411,2944.821,2931.2926,2937.6168
2019/7/17,14963161600,152000000000.0,-5.9242,-0.2017,2933.0227,2942.0668,2924.4594,2931.6926
2019/7/18,14988882800,149000000000.0,-30.516,-1.0409,2921.7387,2921.7387,2901.1766,2901.1766
2019/7/19,14946955300,149000000000.0,23.024,0.7936,2909.6794,2939.5973,2909.6794,2924.2006
2019/7/22,18067496000,204000000000.0,-37.2266,-1.2731,2925.7882,2927.1601,2879.69,2886.974
2019/7/23,12931050800,148000000000.0,12.9706,0.4493,2886.9044,2901.3591,2883.0457,2899.9446
2019/7/24,15524576200,179000000000.0,23.3329,0.8046,2907.9275,2936.4522,2907.7865,2923.2775
2019/7/25,14568438500,175000000000.0,14.0826,0.4817,2923.1886,2937.3601,2916.1498,2937.3601
2019/7/26,13934338800,159000000000.0,7.1809,0.2445,2928.0614,2948.3261,2924.4513,2944.541
2019/7/29,12799184600,147000000000.0,-3.534,-0.12,2943.918,2948.4665,2932.9773,2941.007
2019/7/30,14831646200,171000000000.0,11.3313,0.3853,2946.2566,2965.632,2946.2566,2952.3383
2019/7/31,14105234800,165000000000.0,-19.8325,-0.6718,2944.3977,2944.3977,2926.4853,2932.5058
2019/8/1,14238981300,171000000000.0,-23.7398,-0.8095,2920.8506,2927.3421,2901.7503,2908.766
2019/8/2,18488844300,216000000000.0,-40.9284,-1.4071,2861.3323,2872.473,2851.4402,2867.8376
2019/8/5,16741942300,197000000000.0,-46.3419,-1.6159,2854.578,2863.6891,2821.4957,2821.4957
2019/8/6,23112372700,255000000000.0,-43.9398,-1.5573,2776.9889,2787.4185,2733.9242,2777.5559
2019/8/7,15771675200,176000000000.0,-8.8764,-0.3196,2789.0187,2792.6934,2768.6795,2768.6795
2019/8/8,14953956400,178000000000.0,25.8728,0.9345,2784.1835,2799.6859,2782.2447,2794.5523
2019/8/9,14824029300,171000000000.0,-19.7991,-0.7085,2805.5856,2808.3289,2770.4777,2774.7532
2019/8/12,13156343300,163000000000.0,40.2412,1.4503,2781.9816,2814.9944,2776.6197,2814.9944
2019/8/13,13091650500,154000000000.0,-17.7348,-0.63,2798.0512,2802.0415,2790.608,2797.2596
2019/8/14,14401464100,174000000000.0,11.655,0.4167,2824.4864,2829.8906,2807.719,2808.9146
2019/8/15,15277215200,174000000000.0,6.883,0.245,2762.339,2815.8964,2756.8341,2815.7976
2019/8/16,14858234400,186000000000.0,8.0262,0.285,2817.5708,2840.3164,2811.8016,2823.8238
2019/8/19,21454666800,247000000000.0,59.2722,2.099,2835.5181,2883.096,2829.8542,2883.096
2019/8/20,18967720600,210000000000.0,-3.0948,-0.1073,2879.0816,2892.0796,2874.9988,2880.0012
2019/8/21,15901966500,183000000000.0,0.3295,0.0114,2875.4708,2885.5861,2872.5573,2880.3307
2019/8/22,14920621500,170000000000.0,3.1051,0.1078,2887.6649,2888.4969,2867.5522,2883.4358
2019/8/23,15915682600,193000000000.0,13.9895,0.4852,2885.151,2902.4563,2878.7443,2897.4253
2019/8/26,16989536300,191000000000.0,-33.858,-1.1686,2851.0158,2870.4939,2849.2381,2863.5673
2019/8/27,20814179400,231000000000.0,38.6259,1.3489,2879.5154,2919.6444,2879.406,2902.1932
2019/8/28,18309790300,202000000000.0,-8.4368,-0.2907,2901.6267,2905.4354,2887.0115,2893.7564
2019/8/29,17861308200,196000000000.0,-2.8372,-0.098,2895.9991,2898.6046,2878.5878,2890.9192
2019/8/30,19395995100,225000000000.0,-4.6827,-0.162,2907.3825,2914.5767,2874.1028,2886.2365
2019/9/2,20278680700,226000000000.0,37.8698,1.3121,2886.9418,2928.4793,2883.6823,2924.1063
2019/9/3,18900121600,225000000000.0,6.0475,0.2068,2925.9422,2930.1538,2915.1974,2930.1538
2019/9/4,22549590700,251000000000.0,27.2578,0.9303,2927.747,2957.4116,2925.8825,2957.4116
2019/9/5,30543870600,340000000000.0,28.4532,0.9621,2972.6619,3015.8443,2972.6619,2985.8648
2019/9/6,21682603500,258000000000.0,13.7365,0.4601,2996.6216,2999.9434,2981.5983,2999.6013
2019/9/9,24337775200,286000000000.0,25.1375,0.838,3023.778,3026.2398,3005.6949,3024.7388
2019/9/10,24001294700,275000000000.0,-3.5364,-0.1169,3027.4103,3027.4103,3005.3825,3021.2024
2019/9/11,22983736200,263000000000.0,-12.3906,-0.4101,3029.9334,3030.557,3004.2152,3008.8118
2019/9/12,19696870100,225000000000.0,22.4233,0.7453,3016.6267,3033.473,3005.1948,3031.2351
2019/9/16,22187895900,237000000000.0,-0.4807,-0.0159,3041.922,3042.9284,3020.0495,3030.7544
2019/9/17,22333806100,238000000000.0,-52.6366,-1.7367,3023.7109,3023.7109,2970.5704,2978.1178
2019/9/18,16804669900,200000000000.0,7.5408,0.2532,2984.0837,2996.4022,2982.4003,2985.6586
2019/9/19,16269061500,193000000000.0,13.6203,0.4562,2992.9222,2999.2789,2975.3978,2999.2789
2019/9/20,18214530200,218000000000.0,7.1678,0.239,3004.8142,3011.34,2996.1929,3006.4467
2019/9/23,16813945000,199000000000.0,-29.37,-0.9769,2998.3995,2998.3995,2960.827,2977.0767
2019/9/24,16390276100,206000000000.0,8.2639,0.2776,2979.4752,3002.8967,2973.7601,2985.3406
2019/9/25,16854313500,204000000000.0,-29.9081,-1.0018,2977.6676,2977.6676,2955.4325,2955.4325
2019/9/26,18893254100,216000000000.0,-26.345,-0.8914,2964.4776,2970.0354,2928.2589,2929.0875
2019/9/27,13290577700,153000000000.0,3.0795,0.1051,2929.486,2939.0789,2920.93,2932.167
2019/9/30,11664681100,143000000000.0,-26.9778,-0.9201,2927.9165,2936.482,2905.1892,2905.1892
2019/10/8,12553581200,152000000000.0,8.3812,0.2885,2905.7559,2933.0163,2905.7559,2913.5704
2019/10/9,13042414400,151000000000.0,11.2862,0.3874,2902.0751,2924.8566,2891.5394,2924.8566
2019/10/10,13423975200,157000000000.0,22.854,0.7814,2923.7069,2949.2404,2918.2284,2947.7106
2019/10/11,16120374600,183000000000.0,25.9452,0.8802,2954.8189,2980.7875,2943.0137,2973.6558
2019/10/14,20861480200,221000000000.0,34.2276,1.151,2993.9617,3026.3834,2989.8125,3007.8834
2019/10/15,15537690400,170000000000.0,-16.8375,-0.5598,3005.6646,3005.6646,2986.3033,2991.0459
2019/10/16,14988549600,167000000000.0,-12.3335,-0.4123,2992.6103,3010.4241,2975.9233,2978.7124
2019/10/17,12252761400,136000000000.0,-1.3782,-0.0463,2979.9929,2986.7191,2969.568,2977.3342
2019/10/18,14999067800,162000000000.0,-39.1929,-1.3164,2982.3417,2987.2035,2933.2424,2938.1413
2019/10/21,13247510700,146000000000.0,1.4766,0.0503,2933.8969,2940.3246,2917.6884,2939.6179
2019/10/22,11748204800,130000000000.0,14.762,0.5022,2945.6001,2954.6415,2934.3873,2954.3799
2019/10/23,12381288100,140000000000.0,-12.7611,-0.4319,2952.9693,2957.2995,2934.6274,2941.6188
2019/10/24,12654029000,142000000000.0,-0.6973,-0.0237,2944.0067,2953.0441,2927.0612,2940.9215
2019/10/25,13686070600,160000000000.0,14.0112,0.4764,2940.4741,2958.2409,2920.5195,2954.9327
2019/10/28,17373148100,199000000000.0,25.1171,0.85,2958.686,2980.128,2956.9607,2980.0498
2019/10/29,16611005800,195000000000.0,-25.8738,-0.8682,2979.0365,2979.0365,2954.176,2954.176
2019/10/30,15879811000,182000000000.0,-14.8551,-0.5029,2949.4631,2953.2986,2934.8279,2939.3209
2019/10/31,16157148300,182000000000.0,-10.2648,-0.3492,2944.8427,2946.7523,2923.5167,2929.0561
2019/11/1,15990737300,176000000000.0,29.1431,0.995,2924.3402,2959.833,2917.1455,2958.1992
2019/11/4,16724836400,189000000000.0,17.2927,0.5846,2964.576,2983.0581,2964.576,2975.4919
2019/11/5,17989159300,204000000000.0,16.0703,0.5401,2977.7048,3008.3144,2968.0324,2991.5622
2019/11/6,16526354700,184000000000.0,-12.9667,-0.4334,2992.0399,2995.5629,2969.7242,2978.5955
2019/11/7,13695267800,156000000000.0,0.1189,0.004,2978.1531,2988.955,2969.1201,2978.7144
2019/11/8,14974210700,174000000000.0,-14.5295,-0.4878,2993.9773,2998.7594,2962.8447,2964.1849
2019/11/11,15791610500,166000000000.0,-54.2103,-1.8288,2949.9619,2949.9619,2906.769,2909.9746
2019/11/12,12972915400,139000000000.0,4.8486,0.1666,2912.9956,2918.303,2891.5105,2914.8232
2019/11/13,12976584100,147000000000.0,-9.5823,-0.3287,2913.0197,2913.8612,2893.9712,2905.2409
2019/11/14,12914544800,152000000000.0,4.6288,0.1593,2907.7358,2917.374,2899.6186,2909.8697
2019/11/15,13551946300,153000000000.0,-18.5266,-0.6367,2911.35,2917.8293,2891.2043,2891.3431
2019/11/18,12443317700,145000000000.0,17.8571,0.6176,2889.5495,2911.3784,2884.0883,2909.2002
2019/11/19,13541760400,156000000000.0,24.7906,0.8521,2904.2783,2933.9908,2902.855,2933.9908
2019/11/20,13735753000,159000000000.0,-22.9374,-0.7818,2928.1068,2930.4929,2907.4229,2911.0534
2019/11/21,12345860700,140000000000.0,-7.4155,-0.2547,2902.5529,2910.3608,2891.5314,2903.6379
2019/11/22,15862336500,181000000000.0,-18.3495,-0.6319,2906.2433,2925.0178,2873.99,2885.2884
2019/11/25,17858742900,174000000000.0,20.8804,0.7237,2885.6133,2906.6091,2880.6542,2906.1688
2019/11/26,17000466300,165000000000.0,0.8914,0.0307,2912.5209,2915.0411,2897.9276,2907.0602
2019/11/27,13386220500,137000000000.0,-3.8655,-0.133,2905.3959,2914.4865,2893.4175,2903.1947
2019/11/28,11952246800,123000000000.0,-13.5013,-0.465,2902.3644,2909.8398,2883.4339,2889.6934
2019/11/29,12261296800,140000000000.0,-17.7121,-0.6129,2885.9744,2892.3882,2858.5808,2871.9813
2019/12/2,12875580600,139000000000.0,3.8259,0.1332,2874.4484,2888.8897,2870.2424,2875.8072
2019/12/3,12377874200,135000000000.0,8.8916,0.3092,2869.8822,2884.8559,2857.3204,2884.6988
2019/12/4,12554365300,136000000000.0,-6.5831,-0.2282,2876.9079,2882.4981,2869.4219,2878.1157
2019/12/5,14316309600,160000000000.0,21.3528,0.7419,2886.5164,2902.002,2885.0798,2899.4685
2019/12/6,13412887800,150000000000.0,12.5451,0.4327,2902.278,2912.0136,2894.7513,2912.0136
2019/12/9,16079652700,175000000000.0,2.4639,0.0846,2914.4576,2919.5888,2905.2503,2914.4775
2019/12/10,17012399800,181000000000.0,2.8382,0.0974,2908.9439,2919.2011,2902.7896,2917.3157
2019/12/11,16554108700,176000000000.0,7.1016,0.2434,2922.602,2928.2564,2915.0008,2924.4173
2019/12/12,15176080400,166000000000.0,-8.719,-0.2981,2926.3416,2926.3416,2913.4755,2915.6983
2019/12/13,21197858500,234000000000.0,51.9781,1.7827,2937.7763,2969.9809,2935.849,2967.6764
2019/12/16,21186211900,238000000000.0,16.7161,0.5633,2970.9694,2984.6414,2958.7064,2984.3925
2019/12/17,29303225400,302000000000.0,38.0294,1.2743,2985.2619,3039.3834,2982.4956,3022.4219
2019/12/18,24408969100,259000000000.0,-5.3775,-0.1779,3021.4657,3033.2337,3011.7207,3017.0444
2019/12/19,20862426400,221000000000.0,0.0214,0.0007,3017.153,3021.4176,3007.992,3017.0658
2019/12/20,21507575500,223000000000.0,-12.1282,-0.402,3019.6395,3027.4835,3002.2601,3004.9376
2019/12/23,20571661700,218000000000.0,-42.1863,-1.4039,2999.0357,3009.338,2960.435,2962.7513
2019/12/24,16303025000,167000000000.0,19.9293,0.6727,2965.8258,2983.8194,2960.6839,2982.6806
2019/12/25,17565402800,190000000000.0,-0.8001,-0.0268,2980.4276,2988.2924,2970.6572,2981.8805
2019/12/26,18244042600,196000000000.0,25.4741,0.8543,2981.2485,3007.3546,2980.3966,3007.3546
2019/12/27,24710277900,258000000000.0,-2.3191,-0.0771,3006.8517,3036.1127,3003.6309,3005.0355
2019/12/30,24806653000,267000000000.0,34.9884,1.1643,2998.1689,3041.3969,2983.3436,3040.0239
2019/12/31,21742902200,227000000000.0,10.1001,0.3322,3036.3858,3051.677,3030.5122,3050.124
2020/1/2,29247020800,327000000000.0,35.0736,1.1499,3066.3357,3098.1001,3066.3357,3085.1976
2020/1/3,26149666700,290000000000.0,-1.4118,-0.0458,3089.022,3093.8192,3074.5178,3083.7858
2020/1/6,31257584200,331000000000.0,-0.3775,-0.0122,3070.9088,3107.2032,3065.3088,3083.4083
2020/1/7,27658311100,288000000000.0,21.3932,0.6938,3085.4882,3105.4507,3084.329,3104.8015
2020/1/8,29787255300,307000000000.0,-37.909,-1.221,3094.2389,3094.2389,3059.1313,3066.8925
2020/1/9,24343564900,272000000000.0,27.9894,0.9126,3082.6398,3097.3291,3080.1313,3094.8819
2020/1/10,21044246200,242000000000.0,-2.5912,-0.0837,3102.2938,3105.2248,3081.3961,3092.2907
2020/1/13,21062100400,259000000000.0,23.2789,0.7528,3091.493,3115.5696,3075.3837,3115.5696
2020/1/14,22997376900,272000000000.0,-8.7492,-0.2808,3120.6669,3127.1692,3105.6049,3106.8204
2020/1/15,20231302300,233000000000.0,-16.7825,-0.5402,3103.1749,3107.9426,3082.0425,3090.0379
2020/1/16,20337547500,237000000000.0,-15.9565,-0.5164,3095.7342,3096.3717,3070.884,3074.0814
2020/1/17,19030429900,242000000000.0,1.4141,0.046,3081.4641,3091.9516,3067.2525,3075.4955
2020/1/20,21049334100,271000000000.0,20.2918,0.6598,3082.1134,3096.3105,3070.4801,3095.7873
2020/1/21,23483073900,286000000000.0,-43.6454,-1.4098,3085.7895,3085.7895,3051.2301,3052.1419
2020/1/22,22385286500,278000000000.0,8.6126,0.2822,3038.4868,3069.2527,3006.2677,3060.7545
2020/1/23,27276323400,327000000000.0,-84.2264,-2.7518,3037.9524,3045.0406,2955.346,2976.5281
2020/2/3,21591210300,257000000000.0,-229.9225,-7.7245,2716.6978,2766.5773,2716.6978,2746.6056
2020/2/4,36404620000,374000000000.0,36.6819,1.3355,2685.2693,2786.1642,2685.2693,2783.2875
2020/2/5,30976182300,349000000000.0,34.8003,1.2503,2792.3713,2842.7426,2778.8641,2818.0878
2020/2/6,31639214200,359000000000.0,48.4219,1.7183,2826.8851,2876.5878,2807.609,2866.5097
2020/2/7,30947964200,362000000000.0,9.4539,0.3298,2858.9324,2875.9636,2838.7702,2875.9636
2020/2/10,29492978400,342000000000.0,14.5242,0.505,2860.499,2891.8479,2851.0503,2890.4878
2020/2/11,26916833500,303000000000.0,11.1866,0.387,2894.5414,2913.8159,2882.2428,2901.6744
2020/2/12,24873342900,298000000000.0,25.2247,0.8693,2895.5561,2926.8991,2892.424,2926.8991
2020/2/13,27480484400,335000000000.0,-20.8256,-0.7115,2927.1443,2935.406,2901.2425,2906.0735
2020/2/14,25065062700,308000000000.0,10.9342,0.3763,2899.8659,2926.9427,2899.5739,2917.0077
2020/2/17,31319800700,367000000000.0,66.6147,2.2837,2924.9913,2983.6371,2924.9913,2983.6224
2020/2/18,31166591300,375000000000.0,1.3492,0.0452,2981.4097,2990.6003,2960.7751,2984.9716
2020/2/19,31514115100,381000000000.0,-9.5697,-0.3206,2979.5223,2998.2718,2971.8219,2975.4019
2020/2/20,34573288100,414000000000.0,54.7523,1.8402,2981.8802,3031.3706,2968.4451,3030.1542
2020/2/21,36455727600,445000000000.0,9.515,0.314,3022.2455,3058.898,3020.141,3039.6692
2020/2/24,37043004400,452000000000.0,-8.4359,-0.2775,3027.8925,3042.1821,3007.3557,3031.2333
2020/2/25,44162276200,513000000000.0,-18.1832,-0.5999,2982.0696,3016.9458,2943.7168,3013.0501
2020/2/26,46904955200,495000000000.0,-25.1214,-0.8338,2978.4195,3028.7788,2974.9423,2987.9287
2020/2/27,35052365800,396000000000.0,3.4001,0.1138,2992.4919,3009.4575,2980.4774,2991.3288
2020/2/28,40121691400,433000000000.0,-111.025,-3.7116,2924.6407,2948.1261,2878.5443,2880.3038
2020/3/2,36733336900,397000000000.0,90.6274,3.1465,2899.31,2982.5068,2899.31,2970.9312
2020/3/3,41010804700,447000000000.0,21.9656,0.7394,3006.8888,3026.842,2976.623,2992.8968
2020/3/4,35333827800,390000000000.0,18.7689,0.6271,2981.806,3012.0035,2974.3583,3011.6657
2020/3/5,44542580600,483000000000.0,60.0114,1.9926,3036.1545,3074.2571,3022.9262,3071.6771
2020/3/6,36206153300,377000000000.0,-37.1658,-1.21,3039.9395,3052.4439,3029.4632,3034.5113
2020/3/9,41456073600,438000000000.0,-91.2206,-3.0061,2987.1805,2989.2051,2940.7138,2943.2907
2020/3/10,39329664800,425000000000.0,53.4711,1.8167,2918.9347,3000.2963,2904.7989,2996.7618
2020/3/11,35247097000,379000000000.0,-28.2444,-0.9425,3001.7616,3010.0286,2968.5174,2968.5174
2020/3/12,30777845700,328000000000.0,-45.0318,-1.517,2936.0163,2944.4651,2906.2838,2923.4856
2020/3/13,36645043600,393000000000.0,-36.0591,-1.2334,2804.2322,2910.8812,2799.9841,2887.4265
2020/3/16,35187866500,376000000000.0,-98.1728,-3.4,2897.3009,2898.0349,2784.6616,2789.2537
2020/3/17,30614967700,323000000000.0,-9.613,-0.3446,2796.284,2826.9068,2715.2213,2779.6407
2020/3/18,29115985200,319000000000.0,-50.8844,-1.8306,2792.3221,2815.8737,2728.7563,2728.7563
2020/3/19,30230274700,331000000000.0,-26.6267,-0.9758,2719.4063,2736.82,2646.8048,2702.1296
2020/3/20,25201950700,282000000000.0,43.4886,1.6094,2727.0186,2751.8964,2702.4933,2745.6182
2020/3/23,24982025000,268000000000.0,-85.4508,-3.1123,2677.591,2703.3295,2656.5008,2660.1674
2020/3/24,25702193000,279000000000.0,62.2707,2.3409,2703.0193,2723.4066,2667.1333,2722.4381
2020/3/25,27314446600,293000000000.0,59.1532,2.1728,2775.3032,2788.6354,2757.8016,2781.5913
2020/3/26,23408402200,248000000000.0,-16.6804,-0.5997,2761.8961,2788.5038,2753.4282,2764.9109
2020/3/27,24076406600,254000000000.0,7.2924,0.2637,2792.9843,2805.5479,2771.7563,2772.2033
2020/3/30,23970660400,251000000000.0,-24.9895,-0.9014,2739.7191,2759.0989,2723.0543,2747.2138
2020/3/31,21859867400,224000000000.0,3.0824,0.1122,2767.3072,2771.1683,2743.1154,2750.2962
2020/4/1,21725342700,226000000000.0,-15.7747,-0.5736,2743.5409,2773.3641,2731.0794,2734.5215
2020/4/2,21786460000,233000000000.0,46.1164,1.6865,2720.2284,2780.6379,2719.9043,2780.6379
2020/4/3,20083740400,214000000000.0,-16.6505,-0.5988,2773.5764,2780.5868,2754.0731,2763.9874
2020/4/7,27019818600,287000000000.0,56.776,2.0541,2806.9676,2823.2767,2801.8386,2820.7634
2020/4/8,24351530500,253000000000.0,-5.3948,-0.1913,2805.9166,2823.2139,2800.2963,2815.3686
2020/4/9,23818484300,247000000000.0,10.535,0.3742,2825.8393,2832.395,2820.4326,2825.9036
2020/4/10,23345476800,246000000000.0,-29.2724,-1.0359,2827.1873,2833.0148,2789.9756,2796.6312
2020/4/13,17712455400,184000000000.0,-13.5836,-0.4857,2784.5979,2792.8906,2774.0808,2783.0476
2020/4/14,20269656900,224000000000.0,44.2354,1.5895,2794.801,2827.2981,2789.4279,2827.283
2020/4/15,20562114600,232000000000.0,-16.1089,-0.5698,2826.6618,2829.7503,2808.7039,2811.1741
2020/4/16,20300377300,222000000000.0,8.7609,0.3116,2798.4295,2823.3382,2796.8388,2819.935
2020/4/17,24573675000,280000000000.0,18.5595,0.6582,2835.5581,2854.9599,2830.0217,2838.4945
2020/4/20,21184707800,234000000000.0,14.0583,0.4953,2840.4085,2852.99,2833.2615,2852.5528
2020/4/21,23323587000,249000000000.0,-25.5395,-0.8953,2842.2372,2842.2372,2808.0214,2827.0133
2020/4/22,21732000000,233000000000.0,16.9671,0.6002,2814.0661,2843.9804,2808.4819,2843.9804
2020/4/23,24877903700,263000000000.0,-5.481,-0.1927,2850.5104,2853.6357,2835.8961,2838.4994
2020/4/24,23518507600,244000000000.0,-29.9701,-1.0558,2834.9387,2834.9387,2802.4989,2808.5293
2020/4/27,21013098100,225000000000.0,6.9654,0.248,2812.2422,2832.6662,2802.9579,2815.4947
2020/4/28,25387274500,271000000000.0,-5.4704,-0.1943,2819.9914,2821.745,2758.2459,2810.0243
2020/4/29,20206180700,223000000000.0,12.4181,0.4419,2801.383,2831.7642,2800.7379,2822.4424
2020/4/30,24245527800,277000000000.0,37.6398,1.3336,2832.3843,2865.59,2832.3843,2860.0822
2020/5/6,24982661600,304000000000.0,18.058,0.6314,2831.6326,2879.2634,2830.6536,2878.1402
2020/5/7,22673695700,269000000000.0,-6.617,-0.2299,2876.4727,2882.0222,2864.5813,2871.5232
2020/5/8,22682207500,277000000000.0,23.8212,0.8296,2882.7078,2903.7967,2879.2034,2895.3444
2020/5/11,22512041000,272000000000.0,-0.5424,-0.0187,2901.5739,2914.2838,2884.3806,2894.802
2020/5/12,19708298500,238000000000.0,-3.2456,-0.1121,2894.6171,2897.9018,2871.23,2891.5564
2020/5/13,18506131000,224000000000.0,6.4931,0.2246,2882.9552,2900.2587,2875.5354,2898.0495
2020/5/14,19777620200,237000000000.0,-27.7073,-0.9561,2887.0577,2887.0577,2869.1832,2870.3422
2020/5/15,18898359200,247000000000.0,-1.8835,-0.0656,2880.7067,2884.2199,2863.3698,2868.4587
2020/5/18,22602288200,289000000000.0,6.9589,0.2426,2872.5244,2889.9795,2862.2709,2875.4176
2020/5/19,19722240500,256000000000.0,23.1584,0.8054,2897.6867,2900.2187,2887.5768,2898.576
2020/5/20,21051998500,269000000000.0,-14.8382,-0.5119,2896.4657,2896.4657,2876.1766,2883.7378
2020/5/21,20353203800,251000000000.0,-15.8141,-0.5484,2890.7213,2891.5177,2864.2073,2867.9237
2020/5/22,20906371200,245000000000.0,-54.1583,-1.8884,2863.0462,2863.0462,2808.0177,2813.7654
2020/5/25,17288555700,202000000000.0,4.2043,0.1494,2816.241,2821.4978,2802.4653,2817.9697
2020/5/26,17456236900,207000000000.0,28.5776,1.0141,2827.8967,2848.3371,2825.901,2846.5473
2020/5/27,19814934300,228000000000.0,-9.7437,-0.3423,2847.3198,2848.9965,2831.9281,2836.8036
2020/5/28,20754601900,239000000000.0,9.4181,0.332,2838.2072,2861.9241,2820.1455,2846.2217
2020/5/29,20679280400,234000000000.0,6.1295,0.2154,2835.584,2855.3756,2829.6271,2852.3512
2020/6/1,26019605000,307000000000.0,63.0799,2.2115,2871.9641,2917.1508,2871.9641,2915.4311
2020/6/2,25610804900,294000000000.0,5.9669,0.2047,2916.3168,2926.3588,2909.1277,2921.398
2020/6/3,25566398000,300000000000.0,1.9731,0.0675,2930.3906,2942.7597,2922.6612,2923.3711
2020/6/4,22660587300,254000000000.0,-4.1205,-0.141,2931.8376,2932.9677,2910.7516,2919.2506
2020/6/5,21736067300,253000000000.0,11.5487,0.3956,2923.1891,2930.7993,2909.1181,2930.7993
2020/6/8,23112436000,275000000000.0,6.9719,0.2379,2941.9816,2950.0656,2934.2103,2937.7712
2020/6/9,20904858500,251000000000.0,18.3404,0.6243,2939.5351,2957.1186,2932.9385,2956.1116
2020/6/10,20792596900,244000000000.0,-12.3591,-0.4181,2951.2784,2951.3298,2934.8428,2943.7525
2020/6/11,23372294700,289000000000.0,-22.8557,-0.7764,2939.7914,2952.651,2912.1932,2920.8968
2020/6/12,23600864200,274000000000.0,-1.156,-0.0396,2876.8029,2930.255,2872.6165,2919.7408
2020/6/15,24320504600,293000000000.0,-29.7102,-1.0176,2908.2767,2922.5364,2890.0306,2890.0306
2020/6/16,22331306500,271000000000.0,41.7187,1.4435,2912.8251,2931.7791,2909.1341,2931.7493
2020/6/17,23465439100,278000000000.0,4.1237,0.1407,2932.6708,2936.6162,2919.0353,2935.873
2020/6/18,25869137700,289000000000.0,3.4421,0.1172,2929.8799,2942.8983,2920.1054,2939.3151
2020/6/19,26431396100,319000000000.0,28.319,0.9635,2938.7887,2973.3164,2935.8239,2967.6341
2020/6/22,26788383400,346000000000.0,-2.3624,-0.0796,2966.9008,2983.4382,2959.035,2965.2717
2020/6/23,22521220800,305000000000.0,5.3486,0.1804,2960.8875,2972.4025,2949.8469,2970.6203
2020/6/24,21320073200,297000000000.0,8.9302,0.3006,2972.9827,2982.9425,2971.2235,2979.5505
2020/6/29,22062272900,294000000000.0,-18.0341,-0.6053,2973.0757,2977.9122,2951.7702,2961.5164
2020/6/30,21495721400,297000000000.0,23.1577,0.782,2965.1054,2990.8253,2965.1054,2984.6741
