date,turnoverVol,CHG,CHGPct,openIndex,highestIndex,lowestIndex,closeIndex
2015-06-25,71189656.0,-0.03995,-0.0011,3590.56,3651.01,3577.74,3610.91
2015-06-26,55080224.0,10.46,0.2897,3588.86,3642.85,3569.58,3621.37
2015-06-29,96489008.0,-152.47,-4.2103,3544.29,3544.29,3449.14,3468.9
2015-06-30,83126872.0,-44.6,-1.2857,3460.85,3495.01,3416.51,3424.3
2015-07-01,71979848.0,71.98,2.102,3444.2,3532.88,3437.98,3496.28
2015-07-02,46504300.0,-33.03,-0.9447,3503.11,3510.02,3461.14,3463.25
2015-07-03,41504240.0,-21.49,-0.6205,3462.76,3469.55,3422.89,3441.76
2015-07-06,80114096.0,-76.56,-2.2244,3405.71,3410.89,3358.6,3365.2
2015-07-07,72788096.0,-71.01,-2.1101,3369.98,3378.68,3291.39,3294.19
2015-07-08,65229624.0,33.31,1.0112,3297.81,3345.95,3292.6,3327.5
2015-07-09,62123612.0,92.53,2.7808,3337.17,3433.83,3337.17,3420.03
2015-07-10,76845304.0,108.78,3.1807,3474.16,3536.9,3474.16,3528.81
2015-07-13,67684776.0,61.62,1.7462,3562.39,3600.25,3561.8,3590.43
2015-07-14,48359264.0,16.76,0.4668,3588.42,3607.19,3571.72,3607.19
2015-07-15,45220780.0,16.68,0.4624,3605.21,3629.46,3597.1,3623.87
2015-07-16,57866752.0,52.54,1.4498,3638.78,3696.43,3638.78,3676.41
2015-07-17,45088012.0,-6.07,-0.1651,3683.39,3688.22,3662.22,3670.34
2015-07-20,40758732.0,16.24,0.4425,3673.0,3714.26,3673.0,3686.58
2015-07-21,40570520.0,-38.62,-1.0476,3689.62,3696.54,3640.3,3647.96
2015-07-22,40572064.0,-12.38,-0.3394,3629.53,3648.89,3623.76,3635.58
2015-07-23,37898060.0,-0.94,-0.0259,3657.36,3663.85,3620.89,3634.64
2015-07-24,41011380.0,-34.64,-0.9531,3629.14,3652.92,3597.57,3600.0
2015-07-27,58012664.0,-86.9,-2.4139,3587.95,3587.95,3513.1,3513.1
2015-07-28,43111348.0,41.01,1.1673,3531.71,3568.02,3523.45,3554.11
2015-07-29,44362064.0,21.42,0.6027,3565.14,3583.1,3545.8,3575.53
2015-07-30,53186296.0,8.26,0.231,3595.09,3599.63,3553.98,3583.79
2015-07-31,52487932.0,16.9,0.4716,3590.56,3600.69,3557.69,3600.69
2015-08-03,42893288.0,34.71,0.964,3599.21,3641.22,3587.98,3635.4
2015-08-04,53902396.0,-16.09,-0.4426,3630.65,3630.65,3602.35,3619.31
2015-08-05,55142252.0,57.44,1.587,3627.28,3680.71,3627.28,3676.75
2015-08-06,38893216.0,-8.28,-0.2252,3669.44,3686.57,3662.52,3668.47
2015-08-07,34952240.0,-30.67,-0.836,3662.63,3666.22,3636.56,3637.8
2015-08-10,30112858.0,37.14,1.0209,3650.49,3678.2,3622.33,3674.94
2015-08-11,41557128.0,-69.66,-1.8955,3666.93,3666.93,3602.26,3605.28
2015-08-12,66153588.0,-120.87,-3.3526,3579.86,3579.86,3473.2,3484.41
2015-08-13,45391560.0,31.74,0.9109,3519.51,3554.44,3508.65,3516.15
2015-08-14,36743456.0,-25.12,-0.7144,3516.76,3539.09,3476.35,3491.03
2015-08-17,39866200.0,6.87,0.1968,3509.37,3537.1,3456.61,3497.9
2015-08-18,32007900.0,-2.52,-0.072,3494.3,3510.65,3480.14,3495.38
2015-08-19,42596348.0,-65.54,-1.875,3474.91,3479.4,3429.84,3429.84
2015-08-20,59010948.0,-76.36,-2.2263,3418.11,3426.18,3347.13,3353.48
2015-08-21,75657400.0,-106.22,-3.1675,3319.35,3352.76,3247.26,3247.26
2015-08-24,143937296.0,-173.87,-5.3544,3174.93,3186.4,2973.16,3073.39
2015-08-25,106714808.0,144.62,4.7056,3105.52,3237.52,3105.48,3218.01
2015-08-26,72060008.0,-47.28,-1.4692,3187.36,3224.52,3124.77,3170.73
2015-08-27,67414128.0,110.05,3.4708,3220.11,3301.14,3220.11,3280.78
2015-08-28,43963512.0,5.81,0.1771,3285.58,3290.18,3252.52,3286.59
2015-08-31,35785644.0,-16.96,-0.516,3265.92,3277.78,3237.73,3269.63
2015-09-01,63535144.0,-80.9,-2.4743,3238.95,3238.95,3161.16,3188.73
2015-09-02,54112856.0,10.13,0.3177,3196.05,3230.61,3168.82,3198.86
2015-09-03,61689732.0,71.23,2.2267,3223.29,3296.32,3222.85,3270.09
2015-09-04,71942880.0,-89.84,-2.7473,3247.35,3247.35,3159.89,3180.25
2015-09-07,31233360.0,17.72,0.5572,3202.25,3225.46,3185.93,3197.97
2015-09-08,45586132.0,35.87,1.1216,3214.39,3275.61,3214.39,3233.84
2015-09-09,53450632.0,36.14,1.1176,3281.28,3326.86,3269.98,3269.98
2015-09-10,52516724.0,-48.84,-1.4936,3244.21,3266.72,3210.24,3221.14
2015-09-11,47876504.0,-33.2,-1.0307,3231.81,3233.48,3182.36,3187.94
2015-09-14,42598528.0,-12.32,-0.3865,3192.51,3221.44,3171.56,3175.62
2015-09-15,55602840.0,31.98,1.007,3181.88,3224.22,3158.51,3207.6
2015-09-16,52815032.0,44.19,1.3777,3232.07,3259.49,3232.07,3251.79
2015-09-17,49705832.0,4.0,0.123,3260.22,3266.93,3241.28,3255.79
2015-09-18,115655992.0,-98.49,-3.0251,3237.5,3237.5,3139.99,3157.3
2015-09-21,48432500.0,27.42,0.8685,3158.92,3199.04,3147.9,3184.72
2015-09-22,69595208.0,-108.67,-3.4122,3185.02,3185.65,3069.36,3076.05
2015-09-23,59556168.0,3.94,0.1281,3076.26,3123.59,3058.61,3079.99
2015-09-24,71055968.0,-60.65,-1.9692,3078.9,3101.06,2996.64,3019.34
2015-09-25,64140384.0,93.82,3.1073,3056.57,3130.17,3056.57,3113.16
2015-09-28,50331528.0,-73.72,-2.368,3103.43,3111.42,3030.15,3039.44
2015-09-29,55169464.0,-9.58,-0.3152,3006.46,3056.7,2987.47,3029.86
2015-09-30,55263800.0,70.81,2.3371,3043.41,3117.45,3043.41,3100.67
2015-10-01,53536472.0,-31.62,-1.0198,3113.01,3142.73,3057.82,3069.05
2015-10-02,58382816.0,19.13,0.6233,3077.06,3127.28,3036.17,3088.18
2015-10-05,56514032.0,102.21,3.3097,3111.35,3202.13,3111.35,3190.39
2015-10-06,44947932.0,29.7,0.9309,3189.5,3234.43,3166.51,3220.09
2015-10-07,58581160.0,6.31,0.196,3233.31,3270.64,3217.45,3226.4
2015-10-08,45299072.0,-1.44,-0.0446,3223.53,3233.98,3204.53,3224.96
2015-10-09,49426540.0,25.35,0.7861,3244.41,3269.58,3240.95,3250.31
2015-10-12,36404936.0,-2.98,-0.0917,3251.47,3264.49,3230.03,3247.33
2015-10-13,43966556.0,-26.05,-0.8022,3239.33,3239.33,3192.0,3221.28
2015-10-14,45496712.0,-29.71,-0.9223,3217.06,3226.55,3178.43,3191.57
2015-10-15,44969476.0,47.24,1.4801,3203.68,3245.03,3203.68,3238.81
2015-10-16,46222764.0,26.12,0.8065,3242.68,3272.62,3242.68,3264.93
2015-10-19,34947168.0,7.11,0.2178,3263.68,3294.43,3258.55,3272.04
2015-10-20,40746416.0,-16.32,-0.4988,3273.67,3281.37,3239.49,3255.72
2015-10-21,38367616.0,16.51,0.5071,3263.18,3282.96,3237.56,3272.23
2015-10-22,61257928.0,80.88,2.4717,3269.47,3362.61,3258.39,3353.11
2015-10-23,62255132.0,72.7,2.1681,3374.25,3450.61,3374.25,3425.81
2015-10-26,38103896.0,-11.21,-0.3272,3422.41,3433.72,3402.39,3414.6
2015-10-27,40078700.0,-33.59,-0.9837,3410.41,3417.02,3381.01,3381.01
2015-10-28,38536124.0,40.08,1.1854,3383.77,3429.55,3383.77,3421.09
2015-10-29,58026500.0,-7.7,-0.2251,3427.79,3435.12,3387.69,3413.39
2015-10-30,49065536.0,4.84,0.1418,3415.9,3426.87,3392.34,3418.23
2015-11-02,39136260.0,16.27,0.476,3404.38,3446.73,3382.82,3434.5
2015-11-03,56410796.0,8.18,0.2382,3433.42,3444.17,3415.11,3442.68
2015-11-04,54824244.0,-3.52,-0.1022,3451.47,3472.68,3435.51,3439.16
2015-11-05,47880520.0,8.33,0.2422,3441.92,3475.51,3421.27,3447.49
2015-11-06,54734096.0,20.72,0.601,3440.34,3485.55,3424.0,3468.21
2015-11-09,40280396.0,-49.85,-1.4373,3467.79,3474.33,3417.02,3418.36
2015-11-10,38654036.0,7.04,0.2059,3426.7,3438.27,3393.69,3425.4
2015-11-11,41842488.0,23.02,0.672,3426.3,3469.49,3426.3,3448.42
2015-11-12,52962368.0,-60.72,-1.7608,3445.75,3459.72,3381.05,3387.7
2015-11-13,44528372.0,-27.05,-0.7985,3385.52,3393.26,3326.82,3360.65
2015-11-16,34737948.0,1.58,0.047,3347.98,3378.35,3326.2,3362.23
2015-11-17,44030476.0,89.71,2.6682,3371.12,3451.94,3371.12,3451.94
2015-11-18,44935144.0,-20.02,-0.58,3449.08,3449.08,3414.9,3431.92
2015-11-19,43509404.0,17.01,0.4956,3447.01,3475.79,3437.96,3448.93
2015-11-20,46932060.0,3.52,0.1021,3452.11,3469.19,3426.78,3452.45
2015-11-23,34734696.0,-7.19,-0.2083,3449.64,3457.69,3422.93,3445.26
2015-11-24,43200736.0,-35.66,-1.035,3440.57,3440.57,3375.84,3409.6
2015-11-25,51150096.0,52.46,1.5386,3410.6,3472.7,3402.83,3462.06
2015-11-26,31163210.0,36.56,1.056,3458.4,3507.46,3455.01,3498.62
2015-11-27,34858452.0,-9.63,-0.2753,3491.67,3512.46,3473.4,3488.99
2015-11-30,42198600.0,17.46,0.5004,3486.17,3524.04,3471.48,3506.45
2015-12-01,39776616.0,-26.81,-0.7646,3509.9,3520.03,3468.78,3479.64
2015-12-02,39659784.0,-10.98,-0.3155,3482.93,3499.06,3463.33,3468.66
2015-12-03,87114744.0,-125.32,-3.6129,3464.81,3514.39,3343.34,3343.34
2015-12-04,59631448.0,-12.59,-0.3766,3342.18,3348.77,3295.98,3330.75
2015-12-07,38040776.0,29.46,0.8845,3334.57,3394.93,3334.57,3360.21
2015-12-08,46772048.0,-62.75,-1.8674,3359.02,3359.02,3282.81,3297.46
2015-12-09,46773496.0,-20.25,-0.6141,3299.82,3316.44,3262.68,3277.21
2015-12-10,45094188.0,-7.24,-0.2209,3268.54,3288.08,3246.96,3269.97
2015-12-11,55580480.0,-66.76,-2.0416,3262.07,3267.51,3189.93,3203.21
2015-12-14,57532136.0,-63.97,-1.9971,3210.83,3243.98,3137.28,3139.24
2015-12-15,62101536.0,102.27,3.2578,3149.5,3248.24,3149.5,3241.51
2015-12-16,51754636.0,5.27,0.1626,3245.4,3278.24,3227.28,3246.78
2015-12-18,84471080.0,13.94,0.4293,3289.49,3301.4,3243.28,3260.72
2015-12-21,48619140.0,-47.71,-1.4632,3244.75,3292.41,3213.01,3213.01
2015-12-22,35566868.0,1.31,0.0408,3224.49,3243.77,3187.38,3214.32
2015-12-23,37958772.0,72.36,2.2512,3239.06,3292.95,3239.06,3286.68
2015-12-28,19289244.0,-30.19,-0.9186,3287.54,3291.96,3251.85,3256.49
2015-12-29,25017364.0,57.79,1.7746,3269.69,3314.28,3269.69,3314.28
2015-12-30,23586576.0,-26.3,-0.7935,3309.88,3313.31,3285.75,3287.98
2016-01-04,57980680.0,-123.22,-3.7476,3266.01,3266.01,3147.88,3164.76
2016-01-05,41431080.0,13.25,0.4187,3173.15,3195.79,3136.32,3178.01
2016-01-06,52914368.0,-38.69,-1.2174,3170.64,3172.55,3110.79,3139.32
2016-01-07,77266792.0,-54.64,-1.7405,3130.46,3130.46,3027.57,3084.68
2016-01-08,59476912.0,-51.21,-1.6601,3087.42,3114.45,3033.47,3033.47
2016-01-11,63156716.0,-5.98,-0.1971,3030.31,3074.78,3027.49,3027.49
2016-01-12,54507772.0,37.17,1.2277,3026.7,3099.54,3019.68,3064.66
2016-01-13,55393068.0,8.36,0.2728,3084.87,3124.98,3060.16,3073.02
2016-01-14,67124000.0,-49.02,-1.5952,3064.99,3064.99,2972.18,3024.0
2016-01-15,94930624.0,-71.52,-2.3651,3023.68,3028.64,2931.24,2952.48
2016-01-18,57733980.0,-17.09,-0.5788,2951.17,2983.29,2915.66,2935.39
2016-01-19,65542760.0,45.1,1.5364,2956.59,3008.51,2956.59,2980.49
2016-01-20,86317160.0,-97.9,-3.2847,2947.84,2947.84,2855.44,2882.59
2016-01-21,97776584.0,61.33,2.1276,2884.53,2967.17,2874.31,2943.92
2016-01-22,81745312.0,79.29,2.6933,2949.94,3046.29,2949.94,3023.21
2016-01-25,57381024.0,-21.43,-0.7088,3029.45,3037.12,2987.95,3001.78
2016-01-26,79349432.0,31.06,1.0347,2975.81,3041.67,2945.31,3032.84
2016-01-27,54897184.0,10.63,0.3505,3024.83,3043.47,2997.71,3043.47
2016-01-28,76672248.0,-64.05,-2.1045,3037.03,3055.38,2955.86,2979.42
2016-01-29,66527724.0,65.67,2.2041,2989.48,3045.09,2989.48,3045.09
2016-02-01,57109152.0,-24.08,-0.7908,3048.75,3051.84,2989.88,3021.01
2016-02-02,64841112.0,-69.16,-2.2893,3014.98,3014.98,2933.17,2951.85
2016-02-03,87220048.0,-55.22,-1.8707,2945.5,2948.18,2862.4,2896.63
2016-02-04,79567984.0,8.67,0.2993,2906.82,2936.12,2866.19,2905.3
2016-02-05,87012736.0,-25.91,-0.8918,2908.0,2932.85,2869.92,2879.39
2016-02-08,80507008.0,-94.22,-3.2722,2885.56,2894.47,2772.7,2785.17
2016-02-09,102966648.0,-48.67,-1.7475,2789.28,2809.41,2710.89,2736.5
2016-02-10,91395728.0,52.55,1.9203,2748.24,2827.95,2734.08,2789.05
2016-02-11,97383464.0,-108.7,-3.8974,2782.02,2782.02,2672.73,2680.35
2016-02-12,92480632.0,75.81,2.8284,2689.98,2756.16,2689.98,2756.16
2016-02-15,75999176.0,77.71,2.8195,2786.21,2855.12,2786.21,2833.87
2016-02-16,64933392.0,-12.61,-0.445,2844.05,2860.27,2804.25,2821.26
2016-02-17,61944900.0,76.46,2.7101,2823.67,2900.7,2822.32,2897.72
2016-02-18,68060208.0,-2.57,-0.0887,2909.49,2936.32,2883.53,2895.15
2016-02-19,67678216.0,-24.1,-0.8324,2895.06,2903.32,2844.32,2871.05
2016-02-22,50278632.0,62.86,2.1894,2877.64,2936.23,2877.64,2933.91
2016-02-23,54932844.0,-46.53,-1.5859,2929.14,2934.52,2886.34,2887.38
2016-02-24,59083080.0,-67.14,-2.3253,2885.89,2887.13,2801.43,2820.24
2016-02-25,52772136.0,57.18,2.0275,2832.56,2892.82,2832.56,2877.42
2016-02-26,61795024.0,51.74,1.7981,2893.12,2951.13,2893.12,2929.16
2016-02-29,51486856.0,16.59,0.5664,2911.24,2946.74,2879.6,2945.75
2016-03-01,58476808.0,50.64,1.7191,2944.77,2996.78,2930.24,2996.39
2016-03-02,62959432.0,25.75,0.8594,2999.19,3030.63,2994.51,3022.14
2016-03-03,54551976.0,-9.27,-0.3067,3023.79,3027.7,2996.72,3012.87
2016-03-04,62854712.0,24.48,0.8125,3018.18,3056.22,3012.02,3037.35
2016-03-07,49867732.0,-16.26,-0.5353,3029.89,3033.6,2997.26,3021.09
2016-03-08,57898588.0,-19.08,-0.6316,3014.15,3026.04,2968.51,3002.01
2016-03-09,55111784.0,14.17,0.472,3003.81,3047.38,3001.96,3016.18
2016-03-10,123875464.0,-45.4,-1.5052,3017.8,3128.71,2970.78,2970.78
2016-03-11,85920128.0,103.02,3.4678,2997.34,3074.7,2997.34,3073.8
2016-03-14,64946100.0,18.18,0.5915,3082.09,3116.32,3079.77,3091.98
2016-03-15,58451744.0,-24.77,-0.8011,3084.33,3084.33,3053.49,3067.21
2016-03-16,54055768.0,-5.16,-0.1682,3069.29,3087.72,3045.53,3062.05
2016-03-17,82551320.0,-18.95,-0.6189,3087.31,3089.58,2990.37,3043.1
2016-03-18,94482768.0,16.67,0.5478,3043.29,3067.97,3022.27,3059.77
2016-03-21,43750848.0,-11.0,-0.3595,3049.12,3088.08,3031.07,3048.77
2016-03-22,43502600.0,2.46,0.0807,3034.35,3051.23,2997.11,3051.23
2016-03-23,44779356.0,-8.81,-0.2887,3055.77,3076.2,3024.34,3042.42
2016-03-24,45583192.0,-55.69,-1.8305,3036.02,3036.02,2985.06,2986.73
2016-03-29,46940096.0,18.14,0.6074,2993.9,3023.42,2983.45,3004.87
2016-03-30,52065948.0,39.23,1.3055,3013.7,3062.71,3013.7,3044.1
2016-03-31,65051192.0,-39.17,-1.2868,3038.73,3038.73,2998.7,3004.93
2016-04-01,66523696.0,-51.65,-1.7188,2984.36,2984.36,2916.96,2953.28
2016-04-04,45427728.0,9.0,0.3047,2948.62,2993.71,2930.25,2962.28
2016-04-05,59655252.0,-71.93,-2.4282,2951.58,2951.58,2887.35,2890.35
2016-04-06,58771692.0,19.01,0.6577,2894.73,2911.56,2882.21,2909.36
2016-04-07,58940252.0,-37.79,-1.2989,2910.83,2924.7,2860.32,2871.57
2016-04-08,67992624.0,40.41,1.4072,2877.83,2921.25,2877.83,2911.98
2016-04-11,60272096.0,12.25,0.4207,2910.75,2946.37,2883.46,2924.23
2016-04-12,69719216.0,17.86,0.6108,2927.19,2944.12,2899.9,2942.09
2016-04-13,82833608.0,97.1,3.3004,2956.82,3039.19,2956.82,3039.19
2016-04-14,68634592.0,21.67,0.713,3039.35,3061.99,3028.91,3060.86
2016-04-15,57071792.0,-6.52,-0.213,3055.73,3061.95,3043.46,3054.34
2016-04-18,48029576.0,9.69,0.3173,3050.0,3071.67,3006.03,3064.03
2016-04-19,59473104.0,48.96,1.5979,3070.46,3118.28,3070.46,3112.99
2016-04-20,54839736.0,29.53,0.9486,3111.06,3147.19,3095.63,3142.52
2016-04-21,63957680.0,9.17,0.2918,3146.49,3156.86,3124.49,3151.69
2016-04-22,47250336.0,-10.57,-0.3354,3151.56,3153.31,3127.82,3141.12
2016-04-25,48105512.0,-23.5,-0.7481,3141.57,3146.09,3103.11,3117.62
2016-04-26,53163036.0,3.67,0.1177,3119.94,3148.44,3108.88,3121.29
2016-04-27,51340484.0,9.14,0.2928,3121.46,3133.61,3109.11,3130.43
2016-04-28,62018464.0,-5.0,-0.1597,3117.32,3126.4,3067.61,3125.43
2016-04-29,68738320.0,-97.22,-3.1106,3106.17,3106.17,3028.21,3028.21
2016-05-02,44616280.0,4.39,0.145,3037.62,3045.63,3019.96,3032.6
2016-05-03,57036764.0,-58.4,-1.9257,3029.1,3029.1,2972.06,2974.2
2016-05-04,59244520.0,-35.45,-1.1919,2967.43,2982.35,2934.33,2938.75
2016-05-05,47662096.0,1.6,0.0544,2944.11,2959.86,2928.19,2940.35
2016-05-06,61692624.0,-3.51,-0.1194,2938.62,2950.2,2893.63,2936.84
2016-05-09,48021080.0,18.99,0.6466,2947.01,2985.69,2938.31,2955.83
2016-05-10,61690036.0,23.14,0.7829,2964.32,3003.4,2963.99,2978.97
2016-05-11,64112216.0,-22.26,-0.7472,2975.47,2979.58,2940.24,2956.71
2016-05-12,60009744.0,-21.25,-0.7187,2951.28,2988.62,2925.84,2935.46
2016-05-13,53302528.0,21.17,0.7212,2923.64,2967.87,2904.09,2956.63
2016-05-17,67076968.0,-18.54,-0.6271,2956.29,2991.32,2922.76,2938.09
2016-05-18,46093436.0,18.34,0.6242,2931.16,2957.01,2916.77,2956.43
2016-05-19,60337256.0,-37.21,-1.2586,2948.72,2949.6,2917.61,2919.22
2016-05-20,63676232.0,42.94,1.4709,2930.43,2963.11,2930.43,2962.16
2016-05-23,52333584.0,-29.23,-0.9868,2962.52,2965.43,2922.12,2932.93
2016-05-24,59975524.0,77.19,2.6318,2929.28,3017.25,2918.23,3010.12
2016-05-25,70084776.0,51.48,1.7102,3018.81,3069.56,3018.81,3061.6
2016-05-26,53573848.0,9.61,0.3139,3053.73,3074.24,3051.12,3071.21
2016-05-27,39577228.0,7.27,0.2367,3066.45,3079.85,3060.31,3078.48
2016-05-30,22967144.0,11.53,0.3745,3077.55,3091.58,3072.1,3090.01
2016-05-31,57613208.0,-26.53,-0.8586,3090.55,3097.96,3056.87,3063.48
2016-06-01,50908188.0,-24.71,-0.8066,3061.44,3064.06,3026.95,3038.77
2016-06-02,48164912.0,-4.91,-0.1616,3034.83,3052.33,3023.62,3033.86
2016-06-03,51484208.0,-36.31,-1.1968,3036.29,3054.42,2980.54,2997.55
2016-06-06,35968232.0,4.35,0.1451,2991.69,3012.04,2991.49,3001.9
2016-06-07,46327672.0,38.79,1.2922,3016.0,3052.45,3016.0,3040.69
2016-06-08,43662820.0,-20.93,-0.6883,3038.01,3038.01,3008.51,3019.76
2016-06-09,52111376.0,-30.73,-1.0176,3015.48,3015.48,2980.58,2989.03
2016-06-10,68656384.0,-77.92,-2.6069,2983.28,2983.28,2908.61,2911.11
2016-06-13,66021352.0,-57.59,-1.9783,2904.68,2904.68,2853.52,2853.52
2016-06-14,74946496.0,-56.34,-1.9744,2838.26,2838.75,2795.66,2797.18
2016-06-15,66141408.0,33.12,1.184,2803.22,2850.43,2803.22,2830.3
2016-06-16,77255184.0,-11.0,-0.3887,2820.1,2826.97,2784.9,2819.3
2016-06-17,101536008.0,29.87,1.0595,2832.59,2872.04,2832.59,2849.17
2016-06-20,65453104.0,93.71,3.289,2858.94,2952.85,2858.94,2942.88
2016-06-21,52537608.0,24.46,0.8312,2941.12,2977.52,2933.33,2967.34
2016-06-22,48041108.0,10.97,0.3697,2979.89,3002.88,2967.23,2978.31
2016-06-23,70206400.0,59.55,1.9995,2984.7,3057.71,2984.07,3037.86
2016-06-24,243139472.0,-261.77,-8.6169,3030.93,3030.93,2736.43,2776.09
2016-06-27,176064112.0,-78.65,-2.8331,2768.12,2793.15,2678.27,2697.44
2016-06-28,123324880.0,61.23,2.2699,2723.53,2790.15,2723.53,2758.67
2016-06-29,97971448.0,73.51,2.6647,2760.37,2836.32,2760.37,2832.18
2016-06-30,103947288.0,32.56,1.1496,2825.56,2871.1,2802.42,2864.74
2016-07-01,75468696.0,18.32,0.6395,2874.15,2895.2,2851.23,2883.06
2016-07-04,54781872.0,-20.85,-0.7232,2884.97,2892.52,2859.3,2862.21
2016-07-05,78556312.0,-49.33,-1.7235,2857.98,2857.98,2803.93,2812.88
2016-07-06,86506640.0,-51.51,-1.8312,2798.29,2807.65,2742.66,2761.37
2016-07-07,62348440.0,18.73,0.6783,2768.14,2807.65,2768.14,2780.1
2016-07-08,81317216.0,57.91,2.083,2774.35,2851.56,2768.62,2838.01
2016-07-11,65320880.0,47.31,1.667,2853.12,2888.5,2843.11,2885.32
2016-07-12,93531208.0,48.12,1.6678,2887.09,2940.01,2883.32,2933.44
2016-07-13,70590312.0,-7.3,-0.2489,2933.07,2944.87,2917.92,2926.14
2016-07-14,70449920.0,36.93,1.2621,2936.05,2977.61,2936.05,2963.07
2016-07-15,63488612.0,-4.42,-0.1492,2955.77,2969.09,2935.41,2958.65
2016-07-18,53360176.0,-9.48,-0.3204,2959.74,2982.42,2930.38,2949.17
2016-07-19,60283676.0,-18.07,-0.6127,2946.64,2948.5,2909.12,2931.1
2016-07-20,55364940.0,35.85,1.2231,2941.5,2971.46,2934.84,2966.95
2016-07-21,64460720.0,1.54,0.0519,2972.15,2978.41,2942.69,2968.49
2016-07-22,48088096.0,3.74,0.126,2964.44,2982.26,2946.27,2972.23
2016-07-25,44765912.0,0.99,0.0333,2971.74,2998.17,2961.96,2973.22
2016-07-26,47685568.0,5.68,0.191,2973.8,2986.89,2951.11,2978.9
2016-07-27,57567248.0,20.58,0.6909,2991.19,3016.82,2991.19,2999.48
2016-07-28,62468624.0,-33.38,-1.1129,2998.98,3007.34,2966.1,2966.1
2016-07-29,71250032.0,24.66,0.8314,2977.2,2990.76,2968.69,2990.76
2016-08-01,72148480.0,-23.45,-0.7841,3001.36,3018.54,2959.49,2967.31
2016-08-02,81771152.0,-60.33,-2.0332,2964.65,2964.65,2902.67,2906.98
2016-08-03,75622016.0,4.08,0.1404,2912.53,2920.22,2892.52,2911.06
2016-08-04,60631432.0,21.28,0.731,2919.26,2946.01,2918.53,2932.34
2016-08-05,56823592.0,41.37,1.4108,2937.01,2977.58,2932.85,2973.71
2016-08-08,40443776.0,9.21,0.3097,2977.75,2998.88,2976.45,2982.92
2016-08-09,38395128.0,46.26,1.5508,2982.34,3029.84,2979.9,3029.18
2016-08-10,41964500.0,-10.72,-0.3539,3024.59,3030.76,3014.81,3018.46
2016-08-11,37324156.0,30.57,1.0128,3022.27,3049.03,3015.31,3049.03
2016-08-12,31826012.0,-4.09,-0.1341,3046.47,3050.21,3037.24,3044.94
2016-08-15,27817186.0,1.71,0.0562,3046.14,3063.4,3043.72,3046.65
2016-08-16,41717040.0,-30.46,-0.9998,3037.7,3040.62,3013.13,3016.19
2016-08-17,38821008.0,-35.65,-1.182,3022.86,3026.81,2979.11,2980.54
2016-08-18,34899096.0,14.76,0.4952,2988.4,3002.78,2978.28,2995.3
2016-08-19,53757076.0,-27.1,-0.9048,2995.34,2995.38,2950.48,2968.2
2016-08-22,39317008.0,-7.83,-0.2638,2967.45,2998.38,2949.6,2960.37
2016-08-23,45190960.0,33.36,1.1269,2969.78,3002.02,2969.78,2993.73
2016-08-24,57762956.0,14.86,0.4964,2981.31,3018.09,2969.65,3008.59
2016-08-25,38099348.0,-20.9,-0.6947,2999.58,2999.58,2971.54,2987.69
2016-08-26,36374628.0,22.67,0.7588,2984.93,3016.9,2974.53,3010.36
2016-08-29,25116896.0,-11.86,-0.394,3004.57,3008.44,2974.73,2998.5
2016-08-30,40060336.0,32.25,1.0755,3005.34,3041.07,3005.34,3030.75
2016-08-31,63893188.0,-7.62,-0.2514,3027.03,3049.4,3022.39,3023.13
2016-09-01,70196824.0,-5.64,-0.1866,3027.86,3054.36,3005.32,3017.49
2016-09-02,55518768.0,62.25,2.063,3025.83,3083.09,3018.4,3079.74
2016-09-05,37701344.0,-2.08,-0.0675,3084.82,3094.88,3076.7,3077.66
2016-09-06,44712060.0,-7.5,-0.2437,3083.7,3094.15,3067.51,3070.16
2016-09-07,56893860.0,21.5,0.7003,3074.12,3096.11,3064.76,3091.66
2016-09-08,59467860.0,-8.12,-0.2626,3089.68,3101.75,3043.13,3083.54
2016-09-09,53874820.0,-30.34,-0.9839,3076.33,3086.36,3044.59,3053.2
2016-09-12,64285912.0,-40.32,-1.3206,3041.73,3041.73,2983.45,3012.88
2016-09-13,50860268.0,-38.08,-1.2639,3018.39,3032.29,2974.8,2974.8
2016-09-14,57280140.0,-9.9,-0.3328,2982.67,2989.54,2962.2,2964.9
2016-09-15,55966472.0,8.87,0.2992,2961.31,2978.14,2947.17,2973.77
2016-09-16,132100408.0,-38.52,-1.2953,2968.63,2974.56,2929.44,2935.25
2016-09-19,34268712.0,33.06,1.1263,2946.86,2971.78,2946.86,2968.31
2016-09-20,32522268.0,-3.45,-0.1162,2966.96,2985.84,2959.13,2964.86
2016-09-21,34852176.0,17.32,0.5842,2986.84,3009.99,2980.81,2982.18
2016-09-22,45971988.0,69.51,2.3308,2999.19,3063.12,2999.19,3051.69
2016-09-23,38893008.0,-19.38,-0.6351,3048.89,3048.89,3026.72,3032.31
2016-10-06,47894328.0,-10.73,-0.3539,3033.1,3043.67,3015.87,3021.58
2016-10-07,50074200.0,-21.01,-0.6953,3022.0,3027.06,2994.78,3000.57
2016-10-10,38685280.0,35.19,1.1728,3003.26,3037.22,2984.6,3035.76
2016-10-11,39842904.0,-15.07,-0.4964,3031.06,3051.12,3018.26,3020.69
2016-10-12,39764944.0,-12.66,-0.4191,3018.37,3028.1,3005.42,3008.03
2016-10-13,42980076.0,-32.99,-1.0967,2997.13,2997.13,2954.45,2975.04
2016-10-14,44142104.0,50.15,1.6857,2978.42,3038.07,2978.42,3025.19
2016-10-17,33461552.0,-16.47,-0.5444,3021.19,3026.46,3002.65,3008.72
2016-10-18,41453452.0,38.27,1.272,3014.59,3051.51,3014.59,3046.99
2016-10-19,35733768.0,8.95,0.2937,3047.09,3062.99,3037.83,3055.94
2016-10-20,44920480.0,20.69,0.677,3059.84,3086.46,3045.91,3076.63
2016-10-21,36479368.0,1.02,0.0332,3079.9,3086.15,3064.57,3077.65
2016-10-24,42838096.0,16.21,0.5267,3085.36,3109.61,3085.36,3093.86
2016-10-25,40210200.0,-6.45,-0.2085,3096.68,3107.45,3080.5,3087.41
2016-10-26,38785736.0,-6.43,-0.2083,3086.07,3086.07,3059.99,3080.98
2016-10-27,51377964.0,4.19,0.136,3078.21,3096.79,3062.54,3085.17
2016-10-28,41387460.0,-5.93,-0.1922,3066.78,3082.05,3050.24,3079.24
2016-10-31,38082632.0,-23.99,-0.7791,3074.57,3074.57,3050.04,3055.25
2016-11-01,35572040.0,-32.1,-1.0507,3063.2,3075.45,3017.8,3023.15
2016-11-02,43557980.0,-42.98,-1.4217,3005.32,3005.32,2980.12,2980.17
2016-11-03,40165136.0,-6.68,-0.2241,2978.41,3000.98,2972.89,2973.49
2016-11-04,40369712.0,-18.96,-0.6376,2969.19,2969.19,2939.62,2954.53
2016-11-07,39704480.0,54.75,1.8531,2962.22,3011.29,2962.22,3009.28
2016-11-08,35066444.0,14.15,0.4702,3007.96,3026.82,3002.16,3023.43
2016-11-09,97678720.0,32.86,1.0868,2995.5,3056.29,2937.98,3056.29
2016-11-10,98690128.0,-9.7,-0.3174,3070.63,3105.16,3029.61,3046.59
2016-11-11,62423448.0,-16.57,-0.5439,3048.61,3068.03,3014.77,3030.02
2016-11-14,58021232.0,9.78,0.3228,3038.62,3070.79,3028.81,3039.8
2016-11-15,49662816.0,9.92,0.3263,3038.31,3053.84,3029.95,3049.72
2016-11-16,48917304.0,-23.36,-0.766,3054.74,3061.15,3009.78,3026.36
2016-11-17,53647332.0,15.43,0.5099,3019.39,3041.79,3013.45,3041.79
2016-11-18,57505016.0,-20.96,-0.6891,3046.04,3056.06,3014.7,3020.83
2016-11-21,37403256.0,12.14,0.4019,3027.07,3042.27,3003.82,3032.97
2016-11-22,42663720.0,11.36,0.3746,3047.19,3061.23,3043.31,3044.33
2016-11-23,45498840.0,-12.19,-0.4004,3046.06,3050.43,3015.48,3032.14
2016-11-24,25954836.0,8.46,0.279,3037.8,3048.16,3028.18,3040.6
2016-11-25,28009796.0,7.78,0.2559,3044.28,3048.85,3030.57,3048.38
2016-11-28,41728152.0,-31.58,-1.036,3041.31,3041.31,3009.01,3016.8
2016-11-29,41532616.0,21.62,0.7167,3013.49,3038.99,3004.86,3038.42
2016-11-30,57426800.0,13.19,0.4341,3035.87,3064.28,3033.43,3051.61
2016-12-01,48168992.0,-20.63,-0.676,3044.57,3050.65,3021.22,3030.98
2016-12-02,46964120.0,-15.85,-0.5229,3017.28,3025.03,2984.48,3015.13
2016-12-05,63851304.0,37.62,1.2477,3013.89,3072.59,2996.3,3052.75
2016-12-06,68437488.0,48.01,1.5727,3054.25,3104.67,3047.36,3100.76
2016-12-07,72856624.0,41.48,1.3377,3109.15,3142.24,3109.15,3142.24
2016-12-08,82963688.0,43.55,1.386,3148.92,3195.08,3141.42,3185.79
2016-12-09,53201680.0,11.75,0.3688,3185.42,3205.37,3178.88,3197.54
2016-12-12,46155848.0,1.57,0.0491,3196.4,3206.82,3189.67,3199.11
2016-12-13,59945360.0,37.6,1.1753,3199.38,3239.69,3193.38,3236.71
2016-12-14,51374872.0,-25.0,-0.7724,3227.4,3231.26,3209.5,3211.71
2016-12-15,70562928.0,38.03,1.1841,3213.39,3255.07,3213.39,3249.74
2016-12-16,97533248.0,9.5,0.2923,3250.17,3276.56,3239.87,3259.24
2016-12-19,35157292.0,-1.39,-0.0426,3259.23,3261.0,3249.59,3257.85
2016-12-20,37866492.0,21.56,0.6618,3255.35,3279.59,3251.81,3279.41
2016-12-21,33624756.0,-8.66,-0.2641,3273.13,3277.68,3262.74,3270.75
2016-12-22,31778216.0,-1.24,-0.0379,3267.73,3275.42,3259.27,3269.51
2016-12-23,26498048.0,4.46,0.1364,3269.09,3278.74,3265.55,3273.97
2016-12-27,15387848.0,4.56,0.1393,3275.3,3281.35,3270.94,3278.53
2016-12-28,20382930.0,0.19,0.0058,3277.55,3278.88,3272.37,3278.72
2016-12-29,21295678.0,-6.96,-0.2123,3270.36,3275.19,3259.62,3271.76
2016-12-30,26939140.0,18.76,0.5734,3271.4,3290.52,3260.83,3290.52
2017-01-02,20227560.0,18.15,0.5516,3278.84,3314.06,3272.76,3308.67
2017-01-03,40089452.0,6.35,0.1919,3316.53,3334.44,3310.46,3315.02
2017-01-04,40416512.0,2.5,0.0754,3316.78,3325.5,3302.99,3317.52
2017-01-05,36250184.0,-1.05,-0.0317,3306.31,3323.16,3300.77,3316.47
2017-01-06,28739512.0,4.7,0.1417,3311.35,3322.6,3299.66,3321.17
2017-01-09,34786768.0,-12.2,-0.3673,3324.45,3326.31,3296.53,3308.97
2017-01-10,35141584.0,-2.76,-0.0834,3310.63,3318.24,3295.5,3306.21
2017-01-11,42205832.0,1.73,0.0523,3306.82,3324.52,3285.21,3307.94
2017-01-12,41274056.0,-21.24,-0.6421,3299.74,3305.75,3281.37,3286.7
2017-01-13,37348000.0,37.64,1.1452,3296.78,3326.97,3296.43,3324.34
2017-01-16,29040768.0,-29.81,-0.8967,3313.56,3313.56,3294.53,3294.53
2017-01-17,33247208.0,-9.49,-0.2881,3290.62,3300.5,3266.1,3285.04
2017-01-18,32971414.0,8.96,0.2728,3291.64,3300.24,3274.73,3294.0
2017-01-19,41773728.0,-3.67,-0.1114,3297.76,3306.12,3282.53,3290.33
2017-01-20,47597868.0,9.11,0.2769,3290.11,3312.14,3278.82,3299.44
2017-01-23,36549952.0,-26.4,-0.8001,3284.87,3291.76,3262.61,3273.04
2017-01-24,57410760.0,8.49,0.2594,3276.62,3283.38,3269.03,3281.53
2017-01-25,72824512.0,44.62,1.3597,3290.9,3334.16,3290.9,3326.15
2017-01-26,51243712.0,-7.02,-0.2111,3332.35,3342.47,3310.26,3319.13
2017-01-27,37660728.0,-15.8,-0.476,3318.2,3318.35,3294.78,3303.33
2017-01-30,39874156.0,-40.61,-1.2294,3294.99,3296.27,3253.75,3262.72
2017-01-31,48708060.0,-32.04,-0.982,3263.87,3282.45,3230.68,3230.68
2017-02-01,48106184.0,28.24,0.8741,3243.9,3273.94,3243.9,3258.92
2017-02-02,43999620.0,-5.31,-0.1629,3258.08,3265.45,3242.31,3253.61
2017-02-03,40387424.0,19.5,0.5993,3259.77,3283.86,3258.56,3273.11
2017-02-06,39924880.0,-34.8,-1.0632,3274.87,3282.96,3235.23,3238.31
2017-02-07,38201724.0,-2.6,-0.0803,3239.02,3252.29,3227.26,3235.71
2017-02-08,53031572.0,2.33,0.072,3240.82,3250.81,3214.31,3238.04
2017-02-09,42642820.0,39.75,1.2276,3248.07,3281.47,3243.53,3277.79
2017-02-10,35998648.0,-6.96,-0.2123,3281.29,3289.93,3264.84,3270.83
2017-02-13,33928872.0,34.4,1.0517,3275.22,3314.66,3275.22,3305.23
2017-02-14,33422904.0,3.66,0.1107,3305.61,3310.8,3297.48,3308.89
2017-02-15,41025996.0,14.82,0.4479,3315.14,3334.12,3311.39,3323.71
2017-02-16,34039672.0,-12.67,-0.3812,3321.59,3327.59,3304.31,3311.04
2017-02-17,48441696.0,-2.23,-0.0674,3310.73,3316.03,3282.42,3308.81
2017-02-20,27731746.0,3.58,0.1082,3321.66,3330.11,3305.33,3312.39
2017-02-21,33784556.0,26.94,0.8133,3313.62,3345.99,3301.15,3339.33
2017-02-22,46322288.0,-0.06,-0.0018,3341.54,3355.4,3324.68,3339.27
2017-02-23,36122496.0,-5.31,-0.159,3337.97,3350.16,3326.46,3333.96
2017-02-24,48917044.0,-29.87,-0.8959,3333.7,3334.68,3280.36,3304.09
2017-02-27,45377360.0,5.21,0.1577,3311.82,3322.97,3303.61,3309.3
2017-02-28,44088184.0,10.31,0.3115,3313.13,3324.94,3303.12,3319.61
2017-03-01,60083256.0,70.59,2.1265,3335.77,3393.23,3335.77,3390.2
2017-03-02,44176548.0,-5.49,-0.1619,3389.56,3391.18,3378.7,3384.71
2017-03-03,55440320.0,18.68,0.5519,3381.12,3407.61,3371.42,3403.39
2017-03-06,37690688.0,-15.93,-0.4681,3397.72,3397.72,3379.5,3387.46
2017-03-07,32899252.0,-2.34,-0.0691,3386.95,3390.92,3374.48,3385.12
2017-03-08,44007840.0,4.5,0.1329,3381.81,3401.74,3376.07,3389.62
2017-03-09,61100928.0,20.27,0.598,3387.8,3417.08,3379.24,3409.89
2017-03-10,60493580.0,6.38,0.1871,3417.64,3441.5,3414.84,3416.27
2017-03-13,32576672.0,-0.78,-0.0228,3417.02,3422.28,3409.17,3415.49
2017-03-14,43088444.0,-16.06,-0.4702,3417.59,3417.59,3390.04,3399.43
2017-03-15,39586664.0,9.89,0.2909,3399.45,3412.77,3399.01,3409.32
2017-03-16,62106800.0,30.64,0.8987,3427.0,3450.1,3427.0,3439.96
2017-03-17,80242432.0,8.45,0.2456,3436.33,3457.17,3428.86,3448.41
2017-03-20,37961404.0,-10.93,-0.317,3441.56,3448.88,3431.88,3437.48
2017-03-21,57912792.0,-7.86,-0.2287,3448.6,3471.5,3421.03,3429.62
2017-03-22,54126852.0,-8.92,-0.2601,3415.53,3428.62,3397.67,3420.7
2017-03-23,45409580.0,31.48,0.9203,3421.34,3452.26,3413.58,3452.18
2017-03-24,35221920.0,-8.03,-0.2326,3450.01,3450.01,3433.45,3444.15
2017-03-27,37178492.0,-7.01,-0.2035,3432.63,3437.14,3411.48,3437.14
2017-03-28,36628424.0,27.93,0.8126,3439.66,3466.37,3437.67,3465.07
2017-03-29,40698388.0,10.2,0.2944,3469.97,3484.02,3463.96,3475.27
2017-03-30,32293926.0,6.31,0.1816,3475.84,3481.81,3463.17,3481.58
2017-03-31,46216384.0,19.35,0.5558,3480.1,3500.93,3466.85,3500.93
2017-04-03,42676888.0,-27.99,-0.7995,3504.26,3508.11,3472.7,3472.94
2017-04-04,41617936.0,8.72,0.2511,3472.54,3481.66,3462.46,3481.66
2017-04-05,40297708.0,-9.08,-0.2608,3484.54,3494.26,3469.88,3472.58
2017-04-06,36905060.0,16.99,0.4893,3464.18,3493.33,3446.15,3489.57
2017-04-07,33975632.0,6.23,0.1785,3482.84,3495.8,3470.92,3495.8
2017-04-10,30354216.0,-15.36,-0.4394,3494.24,3494.88,3474.12,3480.44
2017-04-11,40636864.0,-10.4,-0.2988,3467.1,3485.5,3446.84,3470.04
2017-04-12,37596944.0,-1.53,-0.0441,3473.21,3497.72,3462.8,3468.51
2017-04-13,39542940.0,-20.25,-0.5838,3463.5,3463.5,3442.19,3448.26
2017-04-18,44356652.0,-38.48,-1.1159,3454.74,3460.94,3409.78,3409.78
2017-04-19,45449124.0,11.21,0.3288,3408.42,3426.08,3407.33,3420.99
2017-04-20,46353628.0,19.04,0.5566,3417.48,3449.49,3408.4,3440.03
2017-04-21,62441744.0,0.24,0.007,3440.71,3456.11,3419.76,3440.27
2017-04-24,112943448.0,137.11,3.9854,3480.62,3579.45,3480.62,3577.38
2017-04-25,50883704.0,5.78,0.1616,3581.36,3593.13,3573.65,3583.16
2017-04-26,46246104.0,-4.45,-0.1242,3582.98,3582.98,3569.19,3578.71
2017-04-27,48864944.0,-15.42,-0.4309,3573.02,3573.02,3555.57,3563.29
2017-04-28,48720484.0,-3.7,-0.1038,3556.44,3571.63,3553.81,3559.59
2017-05-02,39468972.0,18.62,0.5231,3564.37,3578.36,3559.34,3578.21
2017-05-03,33370712.0,8.04,0.2247,3577.34,3586.25,3571.17,3586.25
2017-05-04,54416448.0,41.63,1.1608,3591.79,3627.88,3590.24,3627.88
2017-05-05,60290552.0,30.91,0.852,3620.67,3658.79,3609.53,3658.79
2017-05-08,48360220.0,-16.68,-0.4559,3660.39,3666.8,3633.95,3642.11
2017-05-09,45062912.0,6.97,0.1914,3647.16,3662.66,3647.16,3649.08
2017-05-10,44110228.0,-3.34,-0.0915,3646.66,3648.27,3633.45,3645.74
2017-05-11,52419384.0,-22.19,-0.6087,3649.34,3650.81,3607.87,3623.55
2017-05-12,41108832.0,13.97,0.3855,3623.63,3637.52,3620.36,3637.52
2017-05-15,33352326.0,4.36,0.1199,3640.38,3646.64,3621.08,3641.88
2017-05-16,39130816.0,0.01,0.0003,3641.95,3648.69,3631.47,3641.89
2017-05-17,48510868.0,-57.06,-1.5668,3626.25,3635.53,3571.77,3584.83
2017-05-18,66218008.0,-22.61,-0.6307,3584.07,3584.69,3529.35,3562.22
2017-05-19,52554660.0,24.79,0.6959,3566.01,3590.43,3566.01,3587.01
2017-05-22,40761696.0,-10.48,-0.2922,3589.17,3592.08,3571.21,3576.53
2017-05-23,42161800.0,18.5,0.5173,3572.53,3605.91,3567.77,3595.03
2017-05-24,31862140.0,-8.41,-0.2339,3592.94,3599.61,3580.27,3586.62
2017-05-25,31045884.0,-2.07,-0.0577,3594.76,3603.39,3572.02,3584.55
2017-05-26,39713572.0,-5.53,-0.1543,3582.62,3582.62,3546.88,3579.02
2017-05-29,24506436.0,-0.07,-0.002,3577.34,3580.57,3568.5,3578.95
2017-05-30,41246936.0,-17.73,-0.4954,3558.59,3569.87,3547.1,3561.22
2017-05-31,63460656.0,-6.63,-0.1862,3560.52,3587.48,3552.33,3554.59
2017-06-01,40504672.0,12.43,0.3497,3556.18,3575.14,3554.52,3567.02
2017-06-02,41049772.0,24.8,0.6953,3578.43,3615.06,3578.43,3591.82
2017-06-06,39543504.0,-37.64,-1.0479,3569.59,3572.1,3548.16,3554.18
2017-06-07,52004940.0,-5.34,-0.1502,3552.76,3577.29,3540.23,3548.84
2017-06-08,53408260.0,15.04,0.4238,3547.73,3574.0,3547.67,3563.88
2017-06-09,44792812.0,22.19,0.6226,3566.39,3597.85,3561.12,3586.07
2017-06-12,42141612.0,-42.12,-1.1745,3581.22,3581.22,3539.75,3543.95
2017-06-13,32402280.0,13.92,0.3928,3548.18,3567.43,3548.18,3557.87
2017-06-14,44949088.0,-10.72,-0.3013,3565.13,3589.23,3547.15,3547.15
2017-06-15,59150448.0,-21.69,-0.6115,3545.05,3545.05,3500.41,3525.46
2017-06-16,83634944.0,18.42,0.5225,3531.06,3552.81,3527.99,3543.88
2017-06-19,34689688.0,35.7,1.0074,3565.05,3591.54,3565.05,3579.58
2017-06-20,35186468.0,-18.92,-0.5286,3586.02,3598.06,3560.66,3560.66
2017-06-21,42706984.0,-6.31,-0.1772,3554.11,3562.18,3521.91,3554.35
2017-06-22,34975016.0,1.41,0.0397,3549.76,3558.36,3526.52,3555.76
2017-06-23,29988368.0,-12.08,-0.3397,3552.53,3555.58,3529.02,3543.68
2017-06-26,45665432.0,18.08,0.5102,3554.28,3581.43,3554.28,3561.76
2017-06-27,48546460.0,-23.44,-0.6581,3557.63,3560.61,3529.98,3538.32
2017-06-28,57269224.0,-2.62,-0.074,3530.67,3543.7,3498.48,3535.7
2017-06-29,60233496.0,-64.37,-1.8206,3541.99,3555.37,3463.99,3471.33
2017-06-30,50995452.0,-29.45,-0.8484,3472.57,3489.67,3439.79,3441.88
2017-07-03,40587980.0,49.93,1.4507,3449.75,3494.63,3449.75,3491.81
2017-07-04,30030656.0,-12.34,-0.3534,3486.38,3493.76,3471.6,3479.47
2017-07-05,41301212.0,-1.06,-0.0305,3477.09,3488.39,3468.29,3478.41
2017-07-06,47675136.0,-16.35,-0.47,3480.52,3480.52,3435.29,3462.06
2017-07-07,36409428.0,1.78,0.0514,3461.67,3464.05,3451.37,3463.84
2017-07-10,32123256.0,14.22,0.4105,3470.49,3486.49,3468.0,3478.06
2017-07-11,33884636.0,-13.58,-0.3904,3479.85,3494.49,3460.64,3464.48
2017-07-12,38948944.0,50.75,1.4649,3472.41,3524.58,3472.41,3515.23
2017-07-13,39797736.0,12.6,0.3584,3518.01,3539.48,3515.39,3527.83
2017-07-14,36034204.0,-1.89,-0.0536,3530.19,3532.6,3512.56,3525.94
2017-07-17,33100672.0,-9.59,-0.272,3528.12,3531.53,3505.51,3516.35
2017-07-18,43726756.0,-37.67,-1.0713,3510.75,3517.82,3469.62,3478.68
2017-07-19,44669072.0,21.6,0.6209,3483.99,3503.54,3478.03,3500.28
2017-07-20,47227804.0,-0.79,-0.0226,3502.01,3529.99,3486.32,3499.49
2017-07-21,50378904.0,-47.78,-1.3653,3497.46,3507.62,3436.9,3451.71
2017-07-24,37305368.0,1.46,0.0423,3456.94,3463.74,3431.19,3453.17
2017-07-25,41850032.0,20.37,0.5899,3454.33,3494.66,3454.33,3473.54
2017-07-26,31748080.0,17.65,0.5081,3474.01,3499.53,3472.07,3491.19
2017-07-27,40173240.0,1.95,0.0559,3489.36,3506.85,3481.25,3493.14
2017-07-28,42812672.0,-25.41,-0.7274,3481.89,3481.89,3450.1,3467.73
2017-07-31,38737824.0,-18.37,-0.5297,3464.85,3479.47,3447.88,3449.36
2017-08-01,42670016.0,28.03,0.8126,3457.97,3490.49,3447.73,3477.39
2017-08-02,32613954.0,-18.07,-0.5196,3478.21,3481.74,3451.31,3459.32
2017-08-03,32500216.0,7.05,0.2038,3456.28,3471.81,3438.15,3466.37
2017-08-04,35670600.0,41.04,1.1839,3462.55,3515.54,3456.27,3507.41
2017-08-07,22796804.0,-1.61,-0.0459,3509.59,3516.78,3497.21,3505.8
2017-08-08,26446370.0,9.83,0.2804,3503.99,3524.94,3493.03,3515.63
2017-08-09,42443672.0,-47.18,-1.342,3504.17,3504.17,3452.74,3468.45
2017-08-10,35655292.0,-34.91,-1.0065,3466.11,3466.22,3424.81,3433.54
2017-08-11,38228176.0,-27.2,-0.7922,3422.3,3422.3,3392.87,3406.34
2017-08-14,28835788.0,44.32,1.3011,3420.9,3460.93,3420.9,3450.66
2017-08-15,24543300.0,11.25,0.326,3454.39,3473.53,3454.26,3461.91
2017-08-16,28713304.0,22.66,0.6546,3465.63,3497.29,3465.63,3484.57
2017-08-17,34037396.0,-22.6,-0.6486,3482.19,3484.66,3456.15,3461.97
2017-08-18,34525560.0,-15.94,-0.4604,3441.21,3448.39,3420.5,3446.03
2017-08-21,26190690.0,-22.5,-0.6529,3436.84,3442.24,3411.06,3423.53
2017-08-22,27648118.0,32.06,0.9365,3432.46,3459.19,3432.46,3455.59
2017-08-23,28959356.0,-16.96,-0.4908,3454.83,3467.78,3432.05,3438.63
2017-08-24,28078258.0,6.1,0.1774,3443.12,3460.78,3443.12,3444.73
2017-08-25,24033142.0,-6.18,-0.1794,3447.52,3461.62,3432.77,3438.55
2017-08-28,17745096.0,-17.52,-0.5095,3432.38,3439.65,3412.33,3421.03
2017-08-29,39983664.0,-32.81,-0.9591,3411.89,3411.89,3363.68,3388.22
2017-08-30,24550514.0,15.49,0.4572,3405.65,3412.26,3397.27,3403.71
2017-08-31,35812468.0,17.76,0.5218,3409.62,3437.82,3409.62,3421.47
2017-09-01,27361820.0,22.41,0.655,3425.84,3454.55,3425.84,3443.88
2017-09-04,18274624.0,-13.46,-0.3908,3436.36,3438.06,3419.06,3430.42
2017-09-05,28744074.0,-9.56,-0.2787,3432.55,3448.93,3415.98,3420.86
2017-09-06,41885380.0,12.94,0.3783,3407.94,3444.48,3396.69,3433.8
2017-09-07,37580668.0,13.86,0.4036,3437.61,3467.94,3437.61,3447.66
2017-09-08,32902016.0,0.03,0.0009,3441.34,3453.35,3433.63,3447.69
2017-09-11,35493300.0,47.5,1.3777,3456.77,3496.7,3456.77,3495.19
2017-09-12,35236024.0,17.37,0.497,3498.32,3520.82,3498.32,3512.56
2017-09-13,37520184.0,10.58,0.3012,3509.64,3529.18,3506.61,3523.14
2017-09-14,37222344.0,3.34,0.0948,3521.03,3530.28,3512.01,3526.48
2017-09-15,81025968.0,-10.93,-0.3099,3526.01,3532.78,3509.93,3515.55
2017-09-18,28902216.0,11.19,0.3183,3523.6,3537.22,3522.59,3526.74
2017-09-19,25990478.0,4.44,0.1259,3524.28,3531.18,3520.93,3531.18
2017-09-20,30020564.0,-5.63,-0.1594,3528.17,3533.66,3520.72,3525.55
2017-09-21,35791436.0,14.04,0.3982,3531.52,3546.56,3531.52,3539.59
2017-09-22,31344250.0,1.83,0.0517,3534.27,3553.08,3532.39,3541.42
2017-09-25,30032580.0,-3.61,-0.1019,3537.21,3546.83,3530.88,3537.81
2017-09-26,26782596.0,-1.43,-0.0404,3534.89,3542.88,3529.19,3536.38
2017-09-27,39100832.0,18.79,0.5313,3538.43,3563.01,3538.43,3555.17
2017-09-28,34901128.0,8.47,0.2382,3556.5,3566.6,3556.5,3563.64
2017-09-29,41300360.0,31.21,0.8758,3563.61,3594.85,3560.73,3594.85
2017-10-02,34625360.0,7.84,0.2181,3590.71,3602.69,3588.4,3602.69
2017-10-03,20146764.0,3.04,0.0844,3605.99,3607.31,3598.71,3605.73
2017-10-04,50612848.0,-10.82,-0.3001,3606.6,3608.45,3584.82,3594.91
2017-10-05,40910136.0,18.63,0.5182,3592.66,3613.73,3589.66,3613.54
2017-10-06,32355988.0,-10.22,-0.2828,3614.17,3614.17,3595.5,3603.32
2017-10-09,27574690.0,7.18,0.1993,3604.61,3618.34,3600.94,3610.5
2017-10-10,33718224.0,-11.71,-0.3243,3607.0,3609.04,3589.98,3598.79
2017-10-11,41147648.0,8.6,0.239,3600.17,3608.51,3591.24,3607.39
2017-10-12,26683654.0,-1.85,-0.0513,3608.16,3608.16,3595.56,3605.54
2017-10-13,29296232.0,-0.99,-0.0275,3607.09,3618.35,3599.51,3604.55
2017-10-16,30698358.0,1.72,0.0477,3607.18,3613.49,3600.22,3606.27
2017-10-17,29548380.0,1.5,0.0416,3609.3,3619.66,3598.12,3607.77
2017-10-18,27436118.0,11.88,0.3293,3608.02,3625.87,3607.21,3619.65
2017-10-19,36805368.0,-17.57,-0.4854,3616.49,3616.49,3586.35,3602.08
2017-10-20,35946592.0,3.01,0.0836,3608.75,3617.52,3600.05,3605.09
2017-10-23,26540540.0,3.78,0.1049,3606.71,3625.65,3597.08,3608.87
2017-10-24,33731424.0,1.82,0.0504,3606.64,3624.73,3605.03,3610.69
2017-10-25,35043724.0,-19.23,-0.5326,3609.02,3622.62,3585.32,3591.46
2017-10-31,31500148.0,11.77,0.3214,3664.69,3677.66,3662.77,3673.95
2017-11-01,38618688.0,23.45,0.6383,3676.99,3708.82,3676.99,3697.4
2017-11-02,35070376.0,-8.6,-0.2326,3693.4,3698.56,3673.25,3688.8
2017-11-03,33896900.0,1.16,0.0314,3691.57,3694.03,3677.39,3689.96
2017-11-06,32311672.0,-7.6,-0.206,3684.26,3685.75,3670.47,3682.36
2017-11-07,38240440.0,-23.59,-0.6406,3684.23,3695.32,3656.18,3658.77
2017-11-08,39241808.0,-3.73,-0.1019,3660.71,3667.69,3642.1,3655.04
2017-11-09,38644332.0,-42.54,-1.1639,3655.59,3661.05,3610.01,3612.5
2017-11-10,35862216.0,-18.74,-0.5188,3614.91,3620.01,3591.15,3593.76
2017-11-13,34371580.0,-19.24,-0.5354,3596.7,3601.45,3546.32,3574.52
2017-11-14,32993364.0,-18.14,-0.5075,3576.88,3588.33,3546.2,3556.38
2017-11-15,43162488.0,-10.66,-0.2997,3554.05,3554.05,3519.35,3545.72
2017-11-16,34145972.0,19.08,0.5381,3549.29,3576.86,3549.29,3564.8
2017-11-17,40466760.0,-17.34,-0.4864,3564.96,3572.16,3541.22,3547.46
2017-11-20,30698308.0,13.95,0.3932,3545.52,3567.07,3536.21,3561.41
2017-11-21,35941976.0,17.91,0.5029,3557.27,3591.53,3551.4,3579.32
2017-11-22,31500830.0,-16.67,-0.4657,3581.21,3596.64,3562.53,3562.65
2017-11-23,25099524.0,9.42,0.2644,3558.22,3581.01,3545.57,3572.07
2017-11-24,25484864.0,9.16,0.2564,3571.86,3601.16,3568.55,3581.23
2017-11-27,27637662.0,-17.20998,-0.4806,3576.17993,3596.79004,3564.02002,3564.02002
2017-11-28,26212982.0,19.46997,0.5463,3565.80005,3587.28003,3559.12988,3583.48999
2017-11-29,39454304.0,6.41992,0.1792,3593.83008,3619.42993,3585.51001,3589.90991
2017-11-30,49270988.0,-12.81982,-0.3571,3593.53003,3614.6001,3575.33008,3577.09009
2017-12-01,42611700.0,-49.64014,-1.3877,3571.62988,3575.29004,3524.36011,3527.44995
2017-12-04,34553792.0,48.77005,1.3826,3536.38,3585.68,3536.38,3576.22
2017-12-05,30859074.0,-5.65,-0.158,3572.78,3583.08,3552.34,3570.57
2017-12-06,33970380.0,-9.0,-0.2521,3561.94,3569.34,3531.57,3561.57
2017-12-07,30596984.0,11.56,0.3246,3561.99,3579.52,3558.5,3573.13
2017-12-08,43541160.0,18.32,0.5127,3577.0,3612.39,3577.0,3591.45
2017-12-11,32855316.0,-8.82,-0.2456,3594.7,3601.22,3579.18,3582.63
2017-12-12,39412896.0,15.47,0.4318,3584.67,3598.5,3568.53,3598.1
2017-12-13,41642280.0,-14.6,-0.4058,3599.92,3601.89,3581.78,3583.5
2017-12-14,43989892.0,-21.23,-0.5924,3578.82,3582.53,3560.79,3562.27
2017-12-15,75577472.0,0.39,0.0109,3554.37,3562.66,3542.85,3562.66
2017-12-18,37540404.0,48.46,1.3602,3568.0,3613.41,3568.0,3611.12
2017-12-19,28531800.0,-29.0,-0.8031,3609.18,3613.57,3581.95,3582.12
2017-12-20,30582574.0,-29.47,-0.8227,3580.58,3585.62,3545.64,3552.65
2017-12-21,33692012.0,18.13,0.5103,3550.84,3574.96,3534.22,3570.78
2017-12-22,25940118.0,-17.39,-0.487,3565.99,3565.99,3548.47,3553.39
